Year,Month,Day,APCode,Snow,Prcp
2008,1,3,IAD,0.0,0.0
2008,1,3,TPA,0.0,0.0
2008,1,3,IND,0.0,0.0
2008,1,3,BWI,0.0,0.0
2008,1,3,JAX,0.0,0.0
2008,1,3,LAS,0.0,0.0
2008,1,3,MCI,0.0,0.0
2008,1,3,MCO,0.0,0.0
2008,1,3,MDW,0.0,0.0
2008,1,3,PHX,0.0,0.0
2008,1,3,ISP,0.0,0.0
2008,1,3,FLL,0.0,0.0
2008,1,3,PBI,0.0,0.0
2008,1,3,RSW,0.0,0.0
2008,1,3,JAN,0.0,0.0
2008,1,3,HOU,0.0,0.0
2008,1,3,BHM,0.0,0.0
2008,1,3,BNA,0.0,0.0
2008,1,3,ORF,0.0,0.0
2008,1,3,ABQ,0.0,0.0
2008,1,3,ALB,0.0,0.0
2008,1,3,AMA,0.0,0.0
2008,1,3,AUS,0.0,0.0
2008,1,3,BDL,0.0,0.0
2008,1,3,BOI,0.0,0.0
2008,1,3,BUF,8.0,0.0
2008,1,3,PHL,0.0,0.0
2008,1,3,BUR,0.0,0.0
2008,1,3,CMH,13.0,5.0
2008,1,3,DEN,0.0,0.0
2008,1,3,ELP,0.0,0.0
2008,1,3,GEG,8.0,13.0
2008,1,3,LAX,0.0,0.0
2008,1,3,CLE,0.0,0.0
2008,1,3,LBB,0.0,0.0
2008,1,3,LIT,0.0,0.0
2008,1,3,MAF,0.0,0.0
2008,1,3,MHT,0.0,0.0
2008,1,3,MSY,0.0,0.0
2008,1,3,OKC,0.0,0.0
2008,1,3,OMA,0.0,0.0
2008,1,3,OAK,0.0,74.0
2008,1,3,ONT,0.0,0.0
2008,1,3,PDX,0.0,53.0
2008,1,3,PIT,0.0,0.0
2008,1,3,PVD,0.0,0.0
2008,1,3,RNO,0.0,0.0
2008,1,3,SAT,0.0,0.0
2008,1,3,SDF,0.0,0.0
2008,1,3,SEA,0.0,48.0
2008,1,3,SFO,0.0,43.0
2008,1,3,SLC,0.0,0.0
2008,1,3,SMF,0.0,112.0
2008,1,3,TUL,0.0,0.0
2008,1,3,TUS,0.0,5.0
2008,1,3,RDU,0.0,0.0
2008,1,3,SAN,0.0,0.0
2008,1,3,SJC,0.0,46.0
2008,1,3,SNA,0.0,0.0
2008,1,3,STL,0.0,0.0
2008,1,3,DAL,0.0,0.0
2008,1,3,DTW,0.0,0.0
2008,1,3,HRL,0.0,0.0
2008,1,4,ABQ,0.0,0.0
2008,1,4,AMA,0.0,0.0
2008,1,4,BWI,0.0,0.0
2008,1,4,DAL,0.0,0.0
2008,1,4,DEN,0.0,0.0
2008,1,4,ELP,0.0,0.0
2008,1,4,HOU,0.0,0.0
2008,1,4,LAS,0.0,0.0
2008,1,4,LAX,0.0,188.0
2008,1,4,LBB,0.0,0.0
2008,1,4,MAF,0.0,0.0
2008,1,4,MCI,0.0,0.0
2008,1,4,MCO,0.0,0.0
2008,1,4,MDW,0.0,0.0
2008,1,4,OAK,0.0,503.0
2008,1,4,PDX,0.0,53.0
2008,1,4,PHX,0.0,0.0
2008,1,4,SAN,0.0,3.0
2008,1,4,SEA,0.0,8.0
2008,1,4,SLC,0.0,0.0
2008,1,4,STL,0.0,0.0
2008,1,4,TPA,0.0,0.0
2008,1,4,TUS,0.0,0.0
2008,1,4,ALB,0.0,0.0
2008,1,4,AUS,0.0,0.0
2008,1,4,BNA,0.0,0.0
2008,1,4,HRL,0.0,0.0
2008,1,4,BDL,0.0,0.0
2008,1,4,BHM,0.0,0.0
2008,1,4,JAX,0.0,0.0
2008,1,4,MSY,0.0,0.0
2008,1,4,SDF,0.0,0.0
2008,1,4,CLE,0.0,0.0
2008,1,4,CMH,0.0,0.0
2008,1,4,DTW,0.0,0.0
2008,1,4,FLL,0.0,0.0
2008,1,4,ONT,0.0,300.0
2008,1,4,PHL,0.0,0.0
2008,1,4,PVD,0.0,0.0
2008,1,4,RDU,0.0,0.0
2008,1,4,SAT,0.0,0.0
2008,1,4,BOI,0.0,10.0
2008,1,4,GEG,0.0,30.0
2008,1,4,RNO,61.0,485.0
2008,1,4,BUF,0.0,0.0
2008,1,4,BUR,0.0,444.0
2008,1,4,SJC,0.0,434.0
2008,1,4,SMF,0.0,348.0
2008,1,4,IND,0.0,0.0
2008,1,4,ISP,0.0,0.0
2008,1,4,JAN,0.0,0.0
2008,1,4,LIT,0.0,0.0
2008,1,4,MHT,0.0,0.0
2008,1,4,OKC,0.0,0.0
2008,1,4,ORF,0.0,0.0
2008,1,4,PBI,0.0,20.0
2008,1,4,PIT,0.0,0.0
2008,1,4,RSW,0.0,0.0
2008,1,4,CRP,0.0,0.0
2008,1,4,TUL,0.0,0.0
2008,1,4,IAD,0.0,0.0
2008,1,4,OMA,0.0,0.0
2008,1,4,SFO,0.0,533.0
2008,1,4,SNA,0.0,89.0
2008,1,5,ABQ,0.0,0.0
2008,1,5,AMA,0.0,0.0
2008,1,5,BWI,0.0,3.0
2008,1,5,DAL,0.0,0.0
2008,1,5,DEN,0.0,0.0
2008,1,5,ELP,0.0,0.0
2008,1,5,HOU,0.0,15.0
2008,1,5,LAS,0.0,18.0
2008,1,5,LAX,0.0,15.0
2008,1,5,LBB,0.0,0.0
2008,1,5,MAF,0.0,0.0
2008,1,5,MCI,0.0,0.0
2008,1,5,MCO,0.0,3.0
2008,1,5,MDW,0.0,5.0
2008,1,5,OAK,0.0,170.0
2008,1,5,PDX,0.0,56.0
2008,1,5,PHX,0.0,8.0
2008,1,5,SAN,0.0,224.0
2008,1,5,SEA,0.0,36.0
2008,1,5,SLC,51.0,102.0
2008,1,5,STL,0.0,0.0
2008,1,5,TPA,0.0,0.0
2008,1,5,TUS,0.0,0.0
2008,1,5,ALB,0.0,0.0
2008,1,5,AUS,0.0,0.0
2008,1,5,BNA,0.0,10.0
2008,1,5,HRL,0.0,3.0
2008,1,5,BDL,0.0,8.0
2008,1,5,BHM,0.0,0.0
2008,1,5,JAX,0.0,0.0
2008,1,5,MSY,0.0,0.0
2008,1,5,SDF,0.0,71.0
2008,1,5,CLE,0.0,13.0
2008,1,5,CMH,0.0,13.0
2008,1,5,DTW,0.0,3.0
2008,1,5,FLL,0.0,112.0
2008,1,5,ONT,0.0,178.0
2008,1,5,PHL,0.0,0.0
2008,1,5,PVD,0.0,0.0
2008,1,5,RDU,0.0,0.0
2008,1,5,SAT,0.0,0.0
2008,1,5,BOI,0.0,0.0
2008,1,5,GEG,0.0,0.0
2008,1,5,RNO,127.0,79.0
2008,1,5,BUF,0.0,8.0
2008,1,5,BUR,0.0,89.0
2008,1,5,SJC,0.0,175.0
2008,1,5,SMF,0.0,130.0
2008,1,5,IND,0.0,8.0
2008,1,5,ISP,0.0,10.0
2008,1,5,JAN,0.0,0.0
2008,1,5,LIT,0.0,0.0
2008,1,5,MHT,0.0,0.0
2008,1,5,OKC,0.0,0.0
2008,1,5,ORF,0.0,0.0
2008,1,5,PBI,0.0,0.0
2008,1,5,PIT,0.0,5.0
2008,1,5,RSW,0.0,0.0
2008,1,5,CRP,0.0,0.0
2008,1,5,TUL,0.0,0.0
2008,1,5,IAD,0.0,0.0
2008,1,5,OMA,0.0,0.0
2008,1,5,SFO,0.0,196.0
2008,1,5,SNA,0.0,180.0
2008,1,6,ABQ,0.0,25.0
2008,1,6,AMA,0.0,0.0
2008,1,6,BWI,0.0,51.0
2008,1,6,DAL,0.0,0.0
2008,1,6,DEN,0.0,0.0
2008,1,6,ELP,0.0,0.0
2008,1,6,HOU,0.0,0.0
2008,1,6,LAS,0.0,0.0
2008,1,6,LAX,0.0,157.0
2008,1,6,LBB,0.0,0.0
2008,1,6,MAF,0.0,0.0
2008,1,6,MCI,0.0,0.0
2008,1,6,MCO,0.0,0.0
2008,1,6,MDW,0.0,0.0
2008,1,6,OAK,0.0,8.0
2008,1,6,PDX,0.0,36.0
2008,1,6,PHX,0.0,5.0
2008,1,6,SAN,0.0,94.0
2008,1,6,SEA,0.0,48.0
2008,1,6,SLC,51.0,41.0
2008,1,6,STL,0.0,0.0
2008,1,6,TPA,0.0,0.0
2008,1,6,TUS,0.0,0.0
2008,1,6,ALB,0.0,0.0
2008,1,6,AUS,0.0,0.0
2008,1,6,BNA,0.0,0.0
2008,1,6,HRL,0.0,0.0
2008,1,6,BDL,0.0,0.0
2008,1,6,BHM,0.0,0.0
2008,1,6,JAX,0.0,0.0
2008,1,6,MSY,0.0,0.0
2008,1,6,SDF,0.0,3.0
2008,1,6,CLE,0.0,0.0
2008,1,6,CMH,0.0,5.0
2008,1,6,DTW,0.0,5.0
2008,1,6,FLL,0.0,0.0
2008,1,6,ONT,0.0,333.0
2008,1,6,PHL,0.0,10.0
2008,1,6,PVD,0.0,0.0
2008,1,6,RDU,0.0,0.0
2008,1,6,SAT,0.0,0.0
2008,1,6,BOI,38.0,15.0
2008,1,6,GEG,41.0,38.0
2008,1,6,RNO,5.0,0.0
2008,1,6,BUF,0.0,3.0
2008,1,6,BUR,0.0,229.0
2008,1,6,SJC,0.0,8.0
2008,1,6,SMF,0.0,0.0
2008,1,6,IND,0.0,28.0
2008,1,6,ISP,0.0,0.0
2008,1,6,JAN,0.0,0.0
2008,1,6,LIT,0.0,0.0
2008,1,6,MHT,0.0,0.0
2008,1,6,OKC,0.0,0.0
2008,1,6,ORF,0.0,0.0
2008,1,6,PBI,0.0,0.0
2008,1,6,PIT,0.0,5.0
2008,1,6,RSW,0.0,0.0
2008,1,6,CRP,0.0,0.0
2008,1,6,TUL,0.0,0.0
2008,1,6,IAD,0.0,53.0
2008,1,6,OMA,0.0,0.0
2008,1,6,SFO,0.0,15.0
2008,1,6,SNA,0.0,102.0
2008,1,7,ABQ,0.0,23.0
2008,1,7,AMA,0.0,3.0
2008,1,7,BWI,0.0,0.0
2008,1,7,DAL,0.0,0.0
2008,1,7,DEN,0.0,0.0
2008,1,7,ELP,0.0,0.0
2008,1,7,HOU,0.0,0.0
2008,1,7,LAS,0.0,0.0
2008,1,7,LAX,0.0,0.0
2008,1,7,LBB,0.0,0.0
2008,1,7,MAF,0.0,0.0
2008,1,7,MCI,0.0,0.0
2008,1,7,MCO,0.0,5.0
2008,1,7,MDW,0.0,107.0
2008,1,7,OAK,0.0,36.0
2008,1,7,PDX,0.0,13.0
2008,1,7,PHX,0.0,130.0
2008,1,7,SAN,0.0,89.0
2008,1,7,SEA,0.0,5.0
2008,1,7,SLC,0.0,0.0
2008,1,7,STL,0.0,0.0
2008,1,7,TPA,0.0,0.0
2008,1,7,TUS,0.0,25.0
2008,1,7,ALB,0.0,0.0
2008,1,7,AUS,0.0,3.0
2008,1,7,BNA,0.0,0.0
2008,1,7,HRL,0.0,0.0
2008,1,7,BDL,0.0,0.0
2008,1,7,BHM,0.0,0.0
2008,1,7,JAX,0.0,0.0
2008,1,7,MSY,0.0,3.0
2008,1,7,SDF,0.0,0.0
2008,1,7,CLE,0.0,3.0
2008,1,7,CMH,0.0,0.0
2008,1,7,DTW,0.0,10.0
2008,1,7,FLL,0.0,0.0
2008,1,7,ONT,0.0,5.0
2008,1,7,PHL,0.0,0.0
2008,1,7,PVD,0.0,0.0
2008,1,7,RDU,0.0,0.0
2008,1,7,SAT,0.0,0.0
2008,1,7,BOI,43.0,15.0
2008,1,7,GEG,46.0,28.0
2008,1,7,RNO,0.0,0.0
2008,1,7,BUF,0.0,8.0
2008,1,7,BUR,0.0,18.0
2008,1,7,SJC,0.0,5.0
2008,1,7,SMF,0.0,0.0
2008,1,7,IND,0.0,0.0
2008,1,7,ISP,0.0,0.0
2008,1,7,JAN,0.0,0.0
2008,1,7,LIT,0.0,0.0
2008,1,7,MHT,0.0,0.0
2008,1,7,OKC,0.0,13.0
2008,1,7,ORF,0.0,0.0
2008,1,7,PBI,0.0,0.0
2008,1,7,PIT,0.0,0.0
2008,1,7,RSW,0.0,0.0
2008,1,7,CRP,0.0,0.0
2008,1,7,TUL,0.0,0.0
2008,1,7,IAD,0.0,0.0
2008,1,7,OMA,0.0,8.0
2008,1,7,SFO,0.0,0.0
2008,1,7,SNA,0.0,0.0
2008,1,8,ABQ,0.0,0.0
2008,1,8,AMA,0.0,0.0
2008,1,8,BWI,0.0,0.0
2008,1,8,DAL,0.0,13.0
2008,1,8,DEN,0.0,0.0
2008,1,8,ELP,0.0,0.0
2008,1,8,HOU,0.0,13.0
2008,1,8,LAS,0.0,0.0
2008,1,8,LAX,0.0,0.0
2008,1,8,LBB,0.0,0.0
2008,1,8,MAF,0.0,0.0
2008,1,8,MCI,0.0,61.0
2008,1,8,MCO,0.0,0.0
2008,1,8,MDW,0.0,394.0
2008,1,8,OAK,0.0,36.0
2008,1,8,PDX,0.0,152.0
2008,1,8,PHX,0.0,0.0
2008,1,8,SAN,0.0,0.0
2008,1,8,SEA,0.0,145.0
2008,1,8,SLC,0.0,0.0
2008,1,8,STL,0.0,396.0
2008,1,8,TPA,0.0,0.0
2008,1,8,TUS,0.0,3.0
2008,1,8,ALB,0.0,0.0
2008,1,8,AUS,0.0,18.0
2008,1,8,BNA,0.0,150.0
2008,1,8,HRL,0.0,0.0
2008,1,8,BDL,0.0,0.0
2008,1,8,BHM,0.0,221.0
2008,1,8,JAX,0.0,0.0
2008,1,8,MSY,0.0,0.0
2008,1,8,SDF,0.0,142.0
2008,1,8,CLE,0.0,361.0
2008,1,8,CMH,0.0,48.0
2008,1,8,DTW,0.0,173.0
2008,1,8,FLL,0.0,0.0
2008,1,8,ONT,0.0,0.0
2008,1,8,PHL,0.0,0.0
2008,1,8,PVD,0.0,0.0
2008,1,8,RDU,0.0,0.0
2008,1,8,SAT,0.0,20.0
2008,1,8,BOI,25.0,15.0
2008,1,8,GEG,137.0,112.0
2008,1,8,RNO,0.0,15.0
2008,1,8,BUF,0.0,13.0
2008,1,8,BUR,0.0,0.0
2008,1,8,SJC,0.0,13.0
2008,1,8,SMF,0.0,66.0
2008,1,8,IND,0.0,358.0
2008,1,8,ISP,0.0,0.0
2008,1,8,JAN,0.0,18.0
2008,1,8,LIT,0.0,58.0
2008,1,8,MHT,0.0,0.0
2008,1,8,OKC,0.0,122.0
2008,1,8,ORF,0.0,0.0
2008,1,8,PBI,0.0,0.0
2008,1,8,PIT,0.0,0.0
2008,1,8,RSW,0.0,0.0
2008,1,8,CRP,0.0,0.0
2008,1,8,TUL,0.0,119.0
2008,1,8,IAD,0.0,0.0
2008,1,8,OMA,0.0,0.0
2008,1,8,SFO,0.0,20.0
2008,1,8,SNA,0.0,0.0
2008,1,9,ABQ,0.0,0.0
2008,1,9,AMA,0.0,0.0
2008,1,9,BWI,0.0,3.0
2008,1,9,DAL,0.0,0.0
2008,1,9,DEN,23.0,18.0
2008,1,9,ELP,0.0,0.0
2008,1,9,HOU,0.0,0.0
2008,1,9,LAS,0.0,0.0
2008,1,9,LAX,0.0,0.0
2008,1,9,LBB,0.0,0.0
2008,1,9,MAF,0.0,0.0
2008,1,9,MCI,0.0,0.0
2008,1,9,MCO,0.0,0.0
2008,1,9,MDW,0.0,0.0
2008,1,9,OAK,0.0,3.0
2008,1,9,PDX,0.0,48.0
2008,1,9,PHX,0.0,0.0
2008,1,9,SAN,0.0,0.0
2008,1,9,SEA,0.0,69.0
2008,1,9,SLC,36.0,23.0
2008,1,9,STL,0.0,0.0
2008,1,9,TPA,0.0,0.0
2008,1,9,TUS,0.0,0.0
2008,1,9,ALB,0.0,0.0
2008,1,9,AUS,0.0,0.0
2008,1,9,BNA,0.0,0.0
2008,1,9,HRL,0.0,0.0
2008,1,9,BDL,0.0,10.0
2008,1,9,BHM,0.0,0.0
2008,1,9,JAX,0.0,0.0
2008,1,9,MSY,0.0,10.0
2008,1,9,SDF,0.0,0.0
2008,1,9,CLE,0.0,46.0
2008,1,9,CMH,0.0,20.0
2008,1,9,DTW,0.0,89.0
2008,1,9,FLL,0.0,8.0
2008,1,9,ONT,0.0,0.0
2008,1,9,PHL,0.0,0.0
2008,1,9,PVD,0.0,3.0
2008,1,9,RDU,0.0,0.0
2008,1,9,SAT,0.0,0.0
2008,1,9,BOI,0.0,0.0
2008,1,9,GEG,56.0,33.0
2008,1,9,RNO,0.0,13.0
2008,1,9,BUF,0.0,20.0
2008,1,9,BUR,0.0,0.0
2008,1,9,SJC,0.0,0.0
2008,1,9,SMF,0.0,8.0
2008,1,9,IND,0.0,0.0
2008,1,9,ISP,0.0,3.0
2008,1,9,JAN,0.0,0.0
2008,1,9,LIT,0.0,0.0
2008,1,9,MHT,0.0,5.0
2008,1,9,OKC,0.0,0.0
2008,1,9,ORF,0.0,0.0
2008,1,9,PBI,0.0,0.0
2008,1,9,PIT,0.0,18.0
2008,1,9,RSW,0.0,0.0
2008,1,9,CRP,0.0,0.0
2008,1,9,TUL,0.0,0.0
2008,1,9,IAD,0.0,0.0
2008,1,9,OMA,0.0,0.0
2008,1,9,SFO,0.0,3.0
2008,1,9,SNA,0.0,3.0
2008,1,10,ABQ,0.0,0.0
2008,1,10,AMA,0.0,0.0
2008,1,10,BWI,0.0,28.0
2008,1,10,DAL,0.0,0.0
2008,1,10,DEN,0.0,0.0
2008,1,10,ELP,0.0,0.0
2008,1,10,HOU,0.0,3.0
2008,1,10,LAS,0.0,0.0
2008,1,10,LAX,0.0,0.0
2008,1,10,LBB,0.0,0.0
2008,1,10,MAF,0.0,0.0
2008,1,10,MCI,0.0,119.0
2008,1,10,MCO,0.0,0.0
2008,1,10,MDW,0.0,61.0
2008,1,10,OAK,0.0,18.0
2008,1,10,PDX,0.0,64.0
2008,1,10,PHX,0.0,0.0
2008,1,10,SAN,0.0,0.0
2008,1,10,SEA,0.0,157.0
2008,1,10,SLC,0.0,0.0
2008,1,10,STL,0.0,28.0
2008,1,10,TPA,0.0,0.0
2008,1,10,TUS,0.0,0.0
2008,1,10,ALB,0.0,0.0
2008,1,10,AUS,0.0,0.0
2008,1,10,BNA,0.0,544.0
2008,1,10,HRL,0.0,3.0
2008,1,10,BDL,0.0,0.0
2008,1,10,BHM,0.0,274.0
2008,1,10,JAX,0.0,0.0
2008,1,10,MSY,0.0,74.0
2008,1,10,SDF,0.0,236.0
2008,1,10,CLE,0.0,48.0
2008,1,10,CMH,0.0,188.0
2008,1,10,DTW,0.0,36.0
2008,1,10,FLL,0.0,0.0
2008,1,10,ONT,0.0,0.0
2008,1,10,PHL,0.0,15.0
2008,1,10,PVD,0.0,0.0
2008,1,10,RDU,0.0,38.0
2008,1,10,SAT,0.0,0.0
2008,1,10,BOI,0.0,3.0
2008,1,10,GEG,30.0,23.0
2008,1,10,RNO,0.0,0.0
2008,1,10,BUF,0.0,33.0
2008,1,10,BUR,0.0,0.0
2008,1,10,SJC,0.0,15.0
2008,1,10,SMF,0.0,28.0
2008,1,10,IND,0.0,18.0
2008,1,10,ISP,0.0,3.0
2008,1,10,JAN,0.0,91.0
2008,1,10,LIT,0.0,5.0
2008,1,10,MHT,0.0,0.0
2008,1,10,OKC,0.0,0.0
2008,1,10,ORF,0.0,5.0
2008,1,10,PBI,0.0,0.0
2008,1,10,PIT,0.0,157.0
2008,1,10,RSW,0.0,0.0
2008,1,10,CRP,0.0,0.0
2008,1,10,TUL,0.0,0.0
2008,1,10,IAD,0.0,36.0
2008,1,10,OMA,8.0,3.0
2008,1,10,SFO,0.0,25.0
2008,1,10,SNA,0.0,0.0
2008,1,11,ABQ,0.0,0.0
2008,1,11,AMA,0.0,0.0
2008,1,11,BWI,0.0,36.0
2008,1,11,DAL,0.0,0.0
2008,1,11,DEN,0.0,0.0
2008,1,11,ELP,0.0,0.0
2008,1,11,HOU,0.0,0.0
2008,1,11,LAS,0.0,0.0
2008,1,11,LAX,0.0,0.0
2008,1,11,LBB,0.0,0.0
2008,1,11,MAF,0.0,0.0
2008,1,11,MCI,0.0,0.0
2008,1,11,MCO,0.0,0.0
2008,1,11,MDW,0.0,0.0
2008,1,11,OAK,0.0,0.0
2008,1,11,PDX,0.0,10.0
2008,1,11,PHX,0.0,0.0
2008,1,11,SAN,0.0,0.0
2008,1,11,SEA,0.0,41.0
2008,1,11,SLC,10.0,10.0
2008,1,11,STL,0.0,0.0
2008,1,11,TPA,0.0,0.0
2008,1,11,TUS,0.0,0.0
2008,1,11,ALB,0.0,94.0
2008,1,11,AUS,0.0,0.0
2008,1,11,BNA,0.0,0.0
2008,1,11,HRL,0.0,0.0
2008,1,11,BDL,0.0,254.0
2008,1,11,BHM,0.0,0.0
2008,1,11,JAX,0.0,0.0
2008,1,11,MSY,0.0,0.0
2008,1,11,SDF,0.0,0.0
2008,1,11,CLE,0.0,8.0
2008,1,11,CMH,0.0,0.0
2008,1,11,DTW,0.0,10.0
2008,1,11,FLL,0.0,0.0
2008,1,11,ONT,0.0,0.0
2008,1,11,PHL,0.0,160.0
2008,1,11,PVD,0.0,325.0
2008,1,11,RDU,0.0,0.0
2008,1,11,SAT,0.0,0.0
2008,1,11,BOI,0.0,0.0
2008,1,11,GEG,0.0,3.0
2008,1,11,RNO,0.0,0.0
2008,1,11,BUF,0.0,107.0
2008,1,11,BUR,0.0,0.0
2008,1,11,SJC,0.0,0.0
2008,1,11,SMF,0.0,0.0
2008,1,11,IND,0.0,0.0
2008,1,11,ISP,0.0,157.0
2008,1,11,JAN,0.0,0.0
2008,1,11,LIT,0.0,0.0
2008,1,11,MHT,0.0,168.0
2008,1,11,OKC,0.0,0.0
2008,1,11,ORF,0.0,5.0
2008,1,11,PBI,0.0,0.0
2008,1,11,PIT,0.0,30.0
2008,1,11,RSW,0.0,3.0
2008,1,11,CRP,0.0,0.0
2008,1,11,TUL,0.0,0.0
2008,1,11,IAD,0.0,13.0
2008,1,11,OMA,0.0,0.0
2008,1,11,SFO,0.0,0.0
2008,1,11,SNA,0.0,3.0
2008,1,12,ABQ,0.0,0.0
2008,1,12,AMA,0.0,0.0
2008,1,12,BWI,0.0,0.0
2008,1,12,DAL,0.0,0.0
2008,1,12,DEN,0.0,0.0
2008,1,12,ELP,0.0,0.0
2008,1,12,HOU,0.0,30.0
2008,1,12,LAS,0.0,0.0
2008,1,12,LAX,0.0,0.0
2008,1,12,LBB,0.0,0.0
2008,1,12,MAF,0.0,0.0
2008,1,12,MCI,0.0,0.0
2008,1,12,MCO,0.0,0.0
2008,1,12,MDW,0.0,0.0
2008,1,12,OAK,0.0,3.0
2008,1,12,PDX,0.0,66.0
2008,1,12,PHX,0.0,0.0
2008,1,12,SAN,0.0,0.0
2008,1,12,SEA,0.0,84.0
2008,1,12,SLC,0.0,0.0
2008,1,12,STL,0.0,0.0
2008,1,12,TPA,0.0,0.0
2008,1,12,TUS,0.0,0.0
2008,1,12,ALB,0.0,0.0
2008,1,12,AUS,0.0,0.0
2008,1,12,BNA,0.0,0.0
2008,1,12,HRL,0.0,0.0
2008,1,12,BDL,0.0,0.0
2008,1,12,BHM,0.0,0.0
2008,1,12,JAX,0.0,64.0
2008,1,12,MSY,0.0,0.0
2008,1,12,SDF,0.0,0.0
2008,1,12,CLE,0.0,0.0
2008,1,12,CMH,0.0,0.0
2008,1,12,DTW,0.0,0.0
2008,1,12,FLL,0.0,0.0
2008,1,12,ONT,0.0,0.0
2008,1,12,PHL,0.0,0.0
2008,1,12,PVD,0.0,0.0
2008,1,12,RDU,0.0,0.0
2008,1,12,SAT,0.0,0.0
2008,1,12,BOI,0.0,5.0
2008,1,12,GEG,3.0,15.0
2008,1,12,RNO,0.0,5.0
2008,1,12,BUF,0.0,0.0
2008,1,12,BUR,0.0,0.0
2008,1,12,SJC,0.0,0.0
2008,1,12,SMF,0.0,3.0
2008,1,12,IND,0.0,0.0
2008,1,12,ISP,0.0,0.0
2008,1,12,JAN,0.0,0.0
2008,1,12,LIT,0.0,5.0
2008,1,12,MHT,0.0,0.0
2008,1,12,OKC,0.0,0.0
2008,1,12,ORF,0.0,0.0
2008,1,12,PBI,0.0,0.0
2008,1,12,PIT,0.0,0.0
2008,1,12,RSW,0.0,0.0
2008,1,12,CRP,0.0,0.0
2008,1,12,TUL,0.0,0.0
2008,1,12,IAD,0.0,0.0
2008,1,12,OMA,0.0,0.0
2008,1,12,SFO,0.0,0.0
2008,1,12,SNA,0.0,3.0
2008,1,13,ABQ,0.0,0.0
2008,1,13,AMA,0.0,0.0
2008,1,13,BWI,0.0,15.0
2008,1,13,DAL,0.0,0.0
2008,1,13,DEN,0.0,0.0
2008,1,13,ELP,0.0,0.0
2008,1,13,HOU,0.0,0.0
2008,1,13,LAS,0.0,0.0
2008,1,13,LAX,0.0,0.0
2008,1,13,LBB,0.0,0.0
2008,1,13,MAF,0.0,0.0
2008,1,13,MCI,0.0,0.0
2008,1,13,MCO,0.0,56.0
2008,1,13,MDW,0.0,0.0
2008,1,13,OAK,0.0,0.0
2008,1,13,PDX,0.0,0.0
2008,1,13,PHX,0.0,0.0
2008,1,13,SAN,0.0,0.0
2008,1,13,SEA,0.0,0.0
2008,1,13,SLC,23.0,13.0
2008,1,13,STL,0.0,0.0
2008,1,13,TPA,0.0,0.0
2008,1,13,TUS,0.0,0.0
2008,1,13,ALB,0.0,0.0
2008,1,13,AUS,0.0,0.0
2008,1,13,BNA,0.0,3.0
2008,1,13,HRL,0.0,0.0
2008,1,13,BDL,0.0,0.0
2008,1,13,BHM,0.0,0.0
2008,1,13,JAX,0.0,0.0
2008,1,13,MSY,0.0,0.0
2008,1,13,SDF,0.0,33.0
2008,1,13,CLE,10.0,51.0
2008,1,13,CMH,3.0,10.0
2008,1,13,DTW,0.0,8.0
2008,1,13,FLL,0.0,269.0
2008,1,13,ONT,0.0,0.0
2008,1,13,PHL,0.0,53.0
2008,1,13,PVD,0.0,0.0
2008,1,13,RDU,0.0,0.0
2008,1,13,SAT,0.0,0.0
2008,1,13,BOI,0.0,0.0
2008,1,13,GEG,0.0,0.0
2008,1,13,RNO,0.0,0.0
2008,1,13,BUF,0.0,8.0
2008,1,13,BUR,0.0,0.0
2008,1,13,SJC,0.0,0.0
2008,1,13,SMF,0.0,3.0
2008,1,13,IND,10.0,28.0
2008,1,13,ISP,0.0,18.0
2008,1,13,JAN,0.0,0.0
2008,1,13,LIT,0.0,0.0
2008,1,13,MHT,0.0,0.0
2008,1,13,OKC,0.0,0.0
2008,1,13,ORF,0.0,3.0
2008,1,13,PBI,0.0,46.0
2008,1,13,PIT,0.0,41.0
2008,1,13,RSW,0.0,0.0
2008,1,13,CRP,0.0,0.0
2008,1,13,TUL,0.0,0.0
2008,1,13,IAD,0.0,3.0
2008,1,13,OMA,0.0,0.0
2008,1,13,SFO,0.0,0.0
2008,1,13,SNA,0.0,3.0
2008,1,14,ABQ,0.0,0.0
2008,1,14,AMA,0.0,0.0
2008,1,14,BWI,0.0,5.0
2008,1,14,DAL,0.0,0.0
2008,1,14,DEN,0.0,0.0
2008,1,14,ELP,0.0,0.0
2008,1,14,HOU,0.0,0.0
2008,1,14,LAS,0.0,0.0
2008,1,14,LAX,0.0,0.0
2008,1,14,LBB,0.0,0.0
2008,1,14,MAF,0.0,0.0
2008,1,14,MCI,0.0,0.0
2008,1,14,MCO,0.0,0.0
2008,1,14,MDW,3.0,0.0
2008,1,14,OAK,0.0,0.0
2008,1,14,PDX,0.0,84.0
2008,1,14,PHX,0.0,0.0
2008,1,14,SAN,0.0,0.0
2008,1,14,SEA,0.0,38.0
2008,1,14,SLC,0.0,0.0
2008,1,14,STL,0.0,0.0
2008,1,14,TPA,0.0,0.0
2008,1,14,TUS,0.0,0.0
2008,1,14,ALB,71.0,38.0
2008,1,14,AUS,0.0,0.0
2008,1,14,BNA,0.0,0.0
2008,1,14,HRL,0.0,0.0
2008,1,14,BDL,160.0,81.0
2008,1,14,BHM,0.0,0.0
2008,1,14,JAX,0.0,0.0
2008,1,14,MSY,0.0,0.0
2008,1,14,SDF,10.0,10.0
2008,1,14,CLE,23.0,20.0
2008,1,14,CMH,13.0,10.0
2008,1,14,DTW,10.0,3.0
2008,1,14,FLL,0.0,0.0
2008,1,14,ONT,0.0,0.0
2008,1,14,PHL,0.0,8.0
2008,1,14,PVD,64.0,147.0
2008,1,14,RDU,0.0,0.0
2008,1,14,SAT,0.0,0.0
2008,1,14,BOI,0.0,0.0
2008,1,14,GEG,5.0,15.0
2008,1,14,RNO,0.0,0.0
2008,1,14,BUF,51.0,71.0
2008,1,14,BUR,0.0,0.0
2008,1,14,SJC,0.0,0.0
2008,1,14,SMF,0.0,0.0
2008,1,14,IND,20.0,10.0
2008,1,14,ISP,0.0,23.0
2008,1,14,JAN,0.0,0.0
2008,1,14,LIT,0.0,0.0
2008,1,14,MHT,0.0,91.0
2008,1,14,OKC,0.0,0.0
2008,1,14,ORF,0.0,0.0
2008,1,14,PBI,0.0,0.0
2008,1,14,PIT,20.0,10.0
2008,1,14,RSW,0.0,0.0
2008,1,14,CRP,0.0,0.0
2008,1,14,TUL,0.0,0.0
2008,1,14,IAD,0.0,0.0
2008,1,14,OMA,0.0,0.0
2008,1,14,SFO,0.0,0.0
2008,1,14,SNA,0.0,0.0
2008,1,15,ABQ,0.0,0.0
2008,1,15,AMA,0.0,0.0
2008,1,15,BWI,0.0,0.0
2008,1,15,DAL,0.0,0.0
2008,1,15,DEN,0.0,0.0
2008,1,15,ELP,0.0,0.0
2008,1,15,HOU,0.0,175.0
2008,1,15,LAS,0.0,0.0
2008,1,15,LAX,0.0,0.0
2008,1,15,LBB,0.0,0.0
2008,1,15,MAF,0.0,0.0
2008,1,15,MCI,0.0,0.0
2008,1,15,MCO,0.0,0.0
2008,1,15,MDW,0.0,0.0
2008,1,15,OAK,0.0,0.0
2008,1,15,PDX,0.0,0.0
2008,1,15,PHX,0.0,0.0
2008,1,15,SAN,0.0,0.0
2008,1,15,SEA,0.0,0.0
2008,1,15,SLC,5.0,0.0
2008,1,15,STL,0.0,0.0
2008,1,15,TPA,0.0,0.0
2008,1,15,TUS,0.0,0.0
2008,1,15,ALB,25.0,3.0
2008,1,15,AUS,0.0,23.0
2008,1,15,BNA,0.0,0.0
2008,1,15,HRL,0.0,193.0
2008,1,15,BDL,0.0,0.0
2008,1,15,BHM,0.0,0.0
2008,1,15,JAX,0.0,0.0
2008,1,15,MSY,0.0,0.0
2008,1,15,SDF,0.0,0.0
2008,1,15,CLE,89.0,61.0
2008,1,15,CMH,10.0,3.0
2008,1,15,DTW,36.0,18.0
2008,1,15,FLL,0.0,0.0
2008,1,15,ONT,0.0,0.0
2008,1,15,PHL,0.0,0.0
2008,1,15,PVD,0.0,0.0
2008,1,15,RDU,0.0,0.0
2008,1,15,SAT,0.0,28.0
2008,1,15,BOI,0.0,0.0
2008,1,15,GEG,0.0,0.0
2008,1,15,RNO,0.0,0.0
2008,1,15,BUF,15.0,15.0
2008,1,15,BUR,0.0,0.0
2008,1,15,SJC,0.0,3.0
2008,1,15,SMF,0.0,3.0
2008,1,15,IND,0.0,0.0
2008,1,15,ISP,5.0,5.0
2008,1,15,JAN,0.0,0.0
2008,1,15,LIT,0.0,0.0
2008,1,15,MHT,0.0,0.0
2008,1,15,OKC,0.0,0.0
2008,1,15,ORF,0.0,0.0
2008,1,15,PBI,0.0,0.0
2008,1,15,PIT,10.0,5.0
2008,1,15,RSW,0.0,0.0
2008,1,15,CRP,0.0,122.0
2008,1,15,TUL,0.0,0.0
2008,1,15,IAD,0.0,0.0
2008,1,15,OMA,0.0,0.0
2008,1,15,SFO,0.0,0.0
2008,1,15,SNA,0.0,0.0
2008,1,16,ABQ,0.0,0.0
2008,1,16,AMA,3.0,0.0
2008,1,16,BWI,0.0,0.0
2008,1,16,DAL,0.0,0.0
2008,1,16,DEN,0.0,0.0
2008,1,16,ELP,0.0,0.0
2008,1,16,HOU,0.0,467.0
2008,1,16,LAS,0.0,0.0
2008,1,16,LAX,0.0,0.0
2008,1,16,LBB,0.0,0.0
2008,1,16,MAF,0.0,0.0
2008,1,16,MCI,64.0,43.0
2008,1,16,MCO,0.0,0.0
2008,1,16,MDW,0.0,0.0
2008,1,16,OAK,0.0,3.0
2008,1,16,PDX,0.0,0.0
2008,1,16,PHX,0.0,0.0
2008,1,16,SAN,0.0,0.0
2008,1,16,SEA,0.0,0.0
2008,1,16,SLC,0.0,0.0
2008,1,16,STL,0.0,0.0
2008,1,16,TPA,0.0,30.0
2008,1,16,TUS,0.0,0.0
2008,1,16,ALB,0.0,0.0
2008,1,16,AUS,0.0,5.0
2008,1,16,BNA,0.0,30.0
2008,1,16,HRL,0.0,0.0
2008,1,16,BDL,0.0,0.0
2008,1,16,BHM,0.0,71.0
2008,1,16,JAX,0.0,170.0
2008,1,16,MSY,0.0,251.0
2008,1,16,SDF,0.0,0.0
2008,1,16,CLE,0.0,0.0
2008,1,16,CMH,0.0,0.0
2008,1,16,DTW,0.0,0.0
2008,1,16,FLL,0.0,0.0
2008,1,16,ONT,0.0,0.0
2008,1,16,PHL,0.0,0.0
2008,1,16,PVD,0.0,0.0
2008,1,16,RDU,0.0,0.0
2008,1,16,SAT,0.0,0.0
2008,1,16,BOI,0.0,0.0
2008,1,16,GEG,0.0,0.0
2008,1,16,RNO,0.0,0.0
2008,1,16,BUF,0.0,0.0
2008,1,16,BUR,0.0,0.0
2008,1,16,SJC,0.0,0.0
2008,1,16,SMF,0.0,0.0
2008,1,16,IND,0.0,0.0
2008,1,16,ISP,0.0,0.0
2008,1,16,JAN,0.0,46.0
2008,1,16,LIT,0.0,3.0
2008,1,16,MHT,0.0,0.0
2008,1,16,OKC,0.0,13.0
2008,1,16,ORF,0.0,0.0
2008,1,16,PBI,0.0,0.0
2008,1,16,PIT,3.0,3.0
2008,1,16,RSW,0.0,0.0
2008,1,16,CRP,0.0,51.0
2008,1,16,TUL,0.0,20.0
2008,1,16,IAD,0.0,0.0
2008,1,16,OMA,46.0,15.0
2008,1,16,SFO,0.0,0.0
2008,1,16,SNA,0.0,0.0
2008,1,17,ABQ,0.0,0.0
2008,1,17,AMA,0.0,0.0
2008,1,17,BWI,61.0,196.0
2008,1,17,DAL,0.0,0.0
2008,1,17,DEN,0.0,0.0
2008,1,17,ELP,0.0,0.0
2008,1,17,HOU,0.0,0.0
2008,1,17,LAS,0.0,0.0
2008,1,17,LAX,0.0,0.0
2008,1,17,LBB,0.0,0.0
2008,1,17,MAF,0.0,0.0
2008,1,17,MCI,25.0,10.0
2008,1,17,MCO,0.0,183.0
2008,1,17,MDW,5.0,18.0
2008,1,17,OAK,0.0,0.0
2008,1,17,PDX,0.0,0.0
2008,1,17,PHX,0.0,0.0
2008,1,17,SAN,0.0,0.0
2008,1,17,SEA,0.0,0.0
2008,1,17,SLC,0.0,0.0
2008,1,17,STL,0.0,0.0
2008,1,17,TPA,0.0,262.0
2008,1,17,TUS,0.0,0.0
2008,1,17,ALB,3.0,5.0
2008,1,17,AUS,0.0,0.0
2008,1,17,BNA,0.0,28.0
2008,1,17,HRL,0.0,0.0
2008,1,17,BDL,38.0,28.0
2008,1,17,BHM,0.0,3.0
2008,1,17,JAX,0.0,119.0
2008,1,17,MSY,0.0,0.0
2008,1,17,SDF,15.0,25.0
2008,1,17,CLE,0.0,3.0
2008,1,17,CMH,0.0,0.0
2008,1,17,DTW,3.0,0.0
2008,1,17,FLL,0.0,0.0
2008,1,17,ONT,0.0,0.0
2008,1,17,PHL,25.0,142.0
2008,1,17,PVD,0.0,10.0
2008,1,17,RDU,0.0,140.0
2008,1,17,SAT,0.0,0.0
2008,1,17,BOI,0.0,0.0
2008,1,17,GEG,0.0,0.0
2008,1,17,RNO,0.0,0.0
2008,1,17,BUF,0.0,3.0
2008,1,17,BUR,0.0,0.0
2008,1,17,SJC,0.0,0.0
2008,1,17,SMF,0.0,0.0
2008,1,17,IND,13.0,15.0
2008,1,17,ISP,0.0,36.0
2008,1,17,JAN,0.0,0.0
2008,1,17,LIT,0.0,3.0
2008,1,17,MHT,0.0,0.0
2008,1,17,OKC,0.0,0.0
2008,1,17,ORF,0.0,152.0
2008,1,17,PBI,0.0,0.0
2008,1,17,PIT,23.0,15.0
2008,1,17,RSW,0.0,41.0
2008,1,17,CRP,0.0,0.0
2008,1,17,TUL,3.0,5.0
2008,1,17,IAD,102.0,175.0
2008,1,17,OMA,38.0,20.0
2008,1,17,SFO,0.0,0.0
2008,1,17,SNA,0.0,0.0
2008,1,18,ABQ,0.0,0.0
2008,1,18,AMA,0.0,0.0
2008,1,18,BWI,0.0,0.0
2008,1,18,DAL,0.0,0.0
2008,1,18,DEN,0.0,0.0
2008,1,18,ELP,0.0,0.0
2008,1,18,HOU,0.0,264.0
2008,1,18,LAS,0.0,0.0
2008,1,18,LAX,0.0,0.0
2008,1,18,LBB,0.0,0.0
2008,1,18,MAF,0.0,0.0
2008,1,18,MCI,3.0,0.0
2008,1,18,MCO,0.0,0.0
2008,1,18,MDW,5.0,0.0
2008,1,18,OAK,0.0,0.0
2008,1,18,PDX,0.0,0.0
2008,1,18,PHX,0.0,0.0
2008,1,18,SAN,0.0,0.0
2008,1,18,SEA,0.0,0.0
2008,1,18,SLC,15.0,3.0
2008,1,18,STL,0.0,0.0
2008,1,18,TPA,0.0,0.0
2008,1,18,TUS,0.0,0.0
2008,1,18,ALB,18.0,38.0
2008,1,18,AUS,0.0,51.0
2008,1,18,BNA,0.0,0.0
2008,1,18,HRL,0.0,48.0
2008,1,18,BDL,20.0,84.0
2008,1,18,BHM,0.0,0.0
2008,1,18,JAX,0.0,0.0
2008,1,18,MSY,0.0,3.0
2008,1,18,SDF,0.0,0.0
2008,1,18,CLE,0.0,0.0
2008,1,18,CMH,0.0,0.0
2008,1,18,DTW,0.0,0.0
2008,1,18,FLL,0.0,0.0
2008,1,18,ONT,0.0,0.0
2008,1,18,PHL,0.0,28.0
2008,1,18,PVD,0.0,135.0
2008,1,18,RDU,0.0,0.0
2008,1,18,SAT,0.0,13.0
2008,1,18,BOI,0.0,0.0
2008,1,18,GEG,0.0,0.0
2008,1,18,RNO,0.0,0.0
2008,1,18,BUF,0.0,23.0
2008,1,18,BUR,0.0,0.0
2008,1,18,SJC,0.0,0.0
2008,1,18,SMF,0.0,0.0
2008,1,18,IND,0.0,0.0
2008,1,18,ISP,0.0,178.0
2008,1,18,JAN,0.0,25.0
2008,1,18,LIT,0.0,0.0
2008,1,18,MHT,0.0,130.0
2008,1,18,OKC,0.0,0.0
2008,1,18,ORF,0.0,0.0
2008,1,18,PBI,0.0,0.0
2008,1,18,PIT,0.0,3.0
2008,1,18,RSW,0.0,0.0
2008,1,18,CRP,0.0,145.0
2008,1,18,TUL,0.0,0.0
2008,1,18,IAD,0.0,0.0
2008,1,18,OMA,18.0,10.0
2008,1,18,SFO,0.0,0.0
2008,1,18,SNA,0.0,0.0
2008,1,19,ABQ,0.0,0.0
2008,1,19,AMA,0.0,0.0
2008,1,19,BWI,0.0,0.0
2008,1,19,DAL,0.0,0.0
2008,1,19,DEN,0.0,0.0
2008,1,19,ELP,0.0,0.0
2008,1,19,HOU,0.0,216.0
2008,1,19,LAS,0.0,0.0
2008,1,19,LAX,0.0,0.0
2008,1,19,LBB,0.0,0.0
2008,1,19,MAF,0.0,0.0
2008,1,19,MCI,0.0,0.0
2008,1,19,MCO,0.0,175.0
2008,1,19,MDW,0.0,0.0
2008,1,19,OAK,0.0,0.0
2008,1,19,PDX,0.0,13.0
2008,1,19,PHX,0.0,0.0
2008,1,19,SAN,0.0,0.0
2008,1,19,SEA,0.0,36.0
2008,1,19,SLC,0.0,0.0
2008,1,19,STL,0.0,0.0
2008,1,19,TPA,0.0,152.0
2008,1,19,TUS,0.0,0.0
2008,1,19,ALB,0.0,0.0
2008,1,19,AUS,0.0,0.0
2008,1,19,BNA,0.0,0.0
2008,1,19,HRL,0.0,0.0
2008,1,19,BDL,0.0,0.0
2008,1,19,BHM,0.0,25.0
2008,1,19,JAX,0.0,259.0
2008,1,19,MSY,0.0,163.0
2008,1,19,SDF,0.0,0.0
2008,1,19,CLE,0.0,0.0
2008,1,19,CMH,0.0,0.0
2008,1,19,DTW,5.0,0.0
2008,1,19,FLL,0.0,0.0
2008,1,19,ONT,0.0,0.0
2008,1,19,PHL,0.0,0.0
2008,1,19,PVD,0.0,0.0
2008,1,19,RDU,13.0,71.0
2008,1,19,SAT,0.0,0.0
2008,1,19,BOI,0.0,0.0
2008,1,19,GEG,58.0,30.0
2008,1,19,RNO,0.0,0.0
2008,1,19,BUF,71.0,66.0
2008,1,19,BUR,0.0,0.0
2008,1,19,SJC,0.0,0.0
2008,1,19,SMF,0.0,0.0
2008,1,19,IND,0.0,0.0
2008,1,19,ISP,0.0,0.0
2008,1,19,JAN,13.0,71.0
2008,1,19,LIT,0.0,0.0
2008,1,19,MHT,0.0,0.0
2008,1,19,OKC,0.0,0.0
2008,1,19,ORF,0.0,99.0
2008,1,19,PBI,0.0,0.0
2008,1,19,PIT,0.0,0.0
2008,1,19,RSW,0.0,97.0
2008,1,19,CRP,0.0,76.0
2008,1,19,TUL,0.0,0.0
2008,1,19,IAD,0.0,0.0
2008,1,19,OMA,0.0,0.0
2008,1,19,SFO,0.0,0.0
2008,1,19,SNA,0.0,0.0
2008,1,20,ABQ,0.0,0.0
2008,1,20,AMA,0.0,0.0
2008,1,20,BWI,0.0,0.0
2008,1,20,DAL,0.0,0.0
2008,1,20,DEN,18.0,0.0
2008,1,20,ELP,0.0,0.0
2008,1,20,HOU,0.0,0.0
2008,1,20,LAS,0.0,0.0
2008,1,20,LAX,0.0,0.0
2008,1,20,LBB,0.0,0.0
2008,1,20,MAF,0.0,0.0
2008,1,20,MCI,0.0,0.0
2008,1,20,MCO,0.0,0.0
2008,1,20,MDW,0.0,0.0
2008,1,20,OAK,0.0,0.0
2008,1,20,PDX,0.0,0.0
2008,1,20,PHX,0.0,0.0
2008,1,20,SAN,0.0,0.0
2008,1,20,SEA,0.0,18.0
2008,1,20,SLC,0.0,0.0
2008,1,20,STL,0.0,0.0
2008,1,20,TPA,0.0,0.0
2008,1,20,TUS,0.0,0.0
2008,1,20,ALB,0.0,0.0
2008,1,20,AUS,0.0,0.0
2008,1,20,BNA,0.0,0.0
2008,1,20,HRL,0.0,0.0
2008,1,20,BDL,0.0,0.0
2008,1,20,BHM,0.0,0.0
2008,1,20,JAX,0.0,0.0
2008,1,20,MSY,0.0,0.0
2008,1,20,SDF,0.0,0.0
2008,1,20,CLE,0.0,0.0
2008,1,20,CMH,0.0,0.0
2008,1,20,DTW,3.0,0.0
2008,1,20,FLL,0.0,18.0
2008,1,20,ONT,0.0,0.0
2008,1,20,PHL,0.0,0.0
2008,1,20,PVD,0.0,0.0
2008,1,20,RDU,0.0,0.0
2008,1,20,SAT,0.0,0.0
2008,1,20,BOI,46.0,28.0
2008,1,20,GEG,51.0,20.0
2008,1,20,RNO,0.0,0.0
2008,1,20,BUF,0.0,0.0
2008,1,20,BUR,0.0,0.0
2008,1,20,SJC,0.0,0.0
2008,1,20,SMF,0.0,5.0
2008,1,20,IND,0.0,0.0
2008,1,20,ISP,8.0,0.0
2008,1,20,JAN,0.0,0.0
2008,1,20,LIT,0.0,0.0
2008,1,20,MHT,0.0,0.0
2008,1,20,OKC,0.0,0.0
2008,1,20,ORF,0.0,15.0
2008,1,20,PBI,0.0,58.0
2008,1,20,PIT,5.0,5.0
2008,1,20,RSW,0.0,28.0
2008,1,20,CRP,0.0,0.0
2008,1,20,TUL,0.0,0.0
2008,1,20,IAD,0.0,0.0
2008,1,20,OMA,8.0,3.0
2008,1,20,SFO,0.0,0.0
2008,1,20,SNA,0.0,0.0
2008,1,21,ABQ,0.0,0.0
2008,1,21,AMA,0.0,0.0
2008,1,21,BWI,0.0,0.0
2008,1,21,DAL,0.0,10.0
2008,1,21,DEN,8.0,3.0
2008,1,21,ELP,0.0,0.0
2008,1,21,HOU,0.0,13.0
2008,1,21,LAS,0.0,0.0
2008,1,21,LAX,0.0,0.0
2008,1,21,LBB,0.0,0.0
2008,1,21,MAF,0.0,0.0
2008,1,21,MCI,0.0,0.0
2008,1,21,MCO,0.0,0.0
2008,1,21,MDW,33.0,13.0
2008,1,21,OAK,0.0,79.0
2008,1,21,PDX,0.0,0.0
2008,1,21,PHX,0.0,0.0
2008,1,21,SAN,0.0,25.0
2008,1,21,SEA,0.0,0.0
2008,1,21,SLC,155.0,86.0
2008,1,21,STL,3.0,3.0
2008,1,21,TPA,0.0,0.0
2008,1,21,TUS,0.0,0.0
2008,1,21,ALB,0.0,0.0
2008,1,21,AUS,0.0,64.0
2008,1,21,BNA,0.0,0.0
2008,1,21,HRL,0.0,5.0
2008,1,21,BDL,0.0,0.0
2008,1,21,BHM,0.0,0.0
2008,1,21,JAX,0.0,0.0
2008,1,21,MSY,0.0,0.0
2008,1,21,SDF,0.0,0.0
2008,1,21,CLE,0.0,0.0
2008,1,21,CMH,0.0,0.0
2008,1,21,DTW,0.0,0.0
2008,1,21,FLL,0.0,0.0
2008,1,21,ONT,0.0,3.0
2008,1,21,PHL,0.0,0.0
2008,1,21,PVD,0.0,0.0
2008,1,21,RDU,0.0,0.0
2008,1,21,SAT,0.0,25.0
2008,1,21,BOI,3.0,0.0
2008,1,21,GEG,0.0,0.0
2008,1,21,RNO,51.0,38.0
2008,1,21,BUF,76.0,25.0
2008,1,21,BUR,0.0,8.0
2008,1,21,SJC,0.0,224.0
2008,1,21,SMF,0.0,61.0
2008,1,21,IND,0.0,0.0
2008,1,21,ISP,0.0,0.0
2008,1,21,JAN,0.0,0.0
2008,1,21,LIT,0.0,25.0
2008,1,21,MHT,0.0,0.0
2008,1,21,OKC,0.0,3.0
2008,1,21,ORF,0.0,0.0
2008,1,21,PBI,0.0,0.0
2008,1,21,PIT,0.0,0.0
2008,1,21,RSW,0.0,0.0
2008,1,21,CRP,0.0,8.0
2008,1,21,TUL,0.0,8.0
2008,1,21,IAD,0.0,0.0
2008,1,21,OMA,30.0,8.0
2008,1,21,SFO,0.0,152.0
2008,1,21,SNA,0.0,18.0
2008,1,22,ABQ,0.0,0.0
2008,1,22,AMA,0.0,0.0
2008,1,22,BWI,0.0,5.0
2008,1,22,DAL,0.0,3.0
2008,1,22,DEN,0.0,0.0
2008,1,22,ELP,0.0,0.0
2008,1,22,HOU,0.0,13.0
2008,1,22,LAS,0.0,0.0
2008,1,22,LAX,0.0,43.0
2008,1,22,LBB,0.0,0.0
2008,1,22,MAF,0.0,0.0
2008,1,22,MCI,0.0,0.0
2008,1,22,MCO,0.0,0.0
2008,1,22,MDW,36.0,23.0
2008,1,22,OAK,0.0,30.0
2008,1,22,PDX,0.0,0.0
2008,1,22,PHX,0.0,0.0
2008,1,22,SAN,0.0,20.0
2008,1,22,SEA,0.0,0.0
2008,1,22,SLC,0.0,0.0
2008,1,22,STL,3.0,0.0
2008,1,22,TPA,0.0,20.0
2008,1,22,TUS,0.0,0.0
2008,1,22,ALB,0.0,0.0
2008,1,22,AUS,0.0,0.0
2008,1,22,BNA,0.0,53.0
2008,1,22,HRL,0.0,0.0
2008,1,22,BDL,0.0,0.0
2008,1,22,BHM,0.0,51.0
2008,1,22,JAX,0.0,0.0
2008,1,22,MSY,0.0,0.0
2008,1,22,SDF,23.0,13.0
2008,1,22,CLE,23.0,15.0
2008,1,22,CMH,18.0,18.0
2008,1,22,DTW,56.0,15.0
2008,1,22,FLL,0.0,224.0
2008,1,22,ONT,0.0,10.0
2008,1,22,PHL,0.0,5.0
2008,1,22,PVD,0.0,13.0
2008,1,22,RDU,0.0,38.0
2008,1,22,SAT,0.0,0.0
2008,1,22,BOI,0.0,0.0
2008,1,22,GEG,0.0,0.0
2008,1,22,RNO,3.0,3.0
2008,1,22,BUF,53.0,41.0
2008,1,22,BUR,0.0,28.0
2008,1,22,SJC,0.0,36.0
2008,1,22,SMF,0.0,307.0
2008,1,22,IND,28.0,13.0
2008,1,22,ISP,0.0,18.0
2008,1,22,JAN,0.0,71.0
2008,1,22,LIT,0.0,18.0
2008,1,22,MHT,0.0,0.0
2008,1,22,OKC,0.0,0.0
2008,1,22,ORF,0.0,56.0
2008,1,22,PBI,0.0,41.0
2008,1,22,PIT,18.0,18.0
2008,1,22,RSW,0.0,0.0
2008,1,22,CRP,0.0,8.0
2008,1,22,TUL,0.0,0.0
2008,1,22,IAD,0.0,0.0
2008,1,22,OMA,0.0,0.0
2008,1,22,SFO,0.0,25.0
2008,1,22,SNA,0.0,15.0
2008,1,23,ABQ,0.0,0.0
2008,1,23,AMA,0.0,0.0
2008,1,23,BWI,0.0,0.0
2008,1,23,DAL,0.0,0.0
2008,1,23,DEN,0.0,0.0
2008,1,23,ELP,0.0,0.0
2008,1,23,HOU,0.0,229.0
2008,1,23,LAS,0.0,0.0
2008,1,23,LAX,0.0,203.0
2008,1,23,LBB,0.0,0.0
2008,1,23,MAF,0.0,0.0
2008,1,23,MCI,0.0,0.0
2008,1,23,MCO,0.0,605.0
2008,1,23,MDW,20.0,3.0
2008,1,23,OAK,0.0,23.0
2008,1,23,PDX,0.0,0.0
2008,1,23,PHX,0.0,0.0
2008,1,23,SAN,0.0,173.0
2008,1,23,SEA,0.0,0.0
2008,1,23,SLC,0.0,0.0
2008,1,23,STL,0.0,0.0
2008,1,23,TPA,0.0,175.0
2008,1,23,TUS,0.0,0.0
2008,1,23,ALB,3.0,0.0
2008,1,23,AUS,0.0,0.0
2008,1,23,BNA,0.0,0.0
2008,1,23,HRL,0.0,8.0
2008,1,23,BDL,0.0,0.0
2008,1,23,BHM,0.0,0.0
2008,1,23,JAX,0.0,0.0
2008,1,23,MSY,0.0,0.0
2008,1,23,SDF,0.0,0.0
2008,1,23,CLE,0.0,0.0
2008,1,23,CMH,0.0,0.0
2008,1,23,DTW,23.0,8.0
2008,1,23,FLL,0.0,66.0
2008,1,23,ONT,0.0,104.0
2008,1,23,PHL,0.0,0.0
2008,1,23,PVD,0.0,0.0
2008,1,23,RDU,0.0,0.0
2008,1,23,SAT,0.0,0.0
2008,1,23,BOI,0.0,0.0
2008,1,23,GEG,0.0,0.0
2008,1,23,RNO,3.0,0.0
2008,1,23,BUF,15.0,5.0
2008,1,23,BUR,0.0,262.0
2008,1,23,SJC,0.0,25.0
2008,1,23,SMF,0.0,180.0
2008,1,23,IND,0.0,0.0
2008,1,23,ISP,0.0,0.0
2008,1,23,JAN,0.0,0.0
2008,1,23,LIT,0.0,0.0
2008,1,23,MHT,0.0,0.0
2008,1,23,OKC,0.0,0.0
2008,1,23,ORF,0.0,10.0
2008,1,23,PBI,0.0,38.0
2008,1,23,PIT,0.0,0.0
2008,1,23,RSW,0.0,0.0
2008,1,23,CRP,0.0,3.0
2008,1,23,TUL,0.0,0.0
2008,1,23,IAD,0.0,0.0
2008,1,23,OMA,8.0,3.0
2008,1,23,SFO,0.0,15.0
2008,1,23,SNA,0.0,183.0
2008,1,24,ABQ,0.0,0.0
2008,1,24,AMA,0.0,0.0
2008,1,24,BWI,0.0,0.0
2008,1,24,DAL,0.0,0.0
2008,1,24,DEN,0.0,0.0
2008,1,24,ELP,0.0,13.0
2008,1,24,HOU,0.0,76.0
2008,1,24,LAS,0.0,0.0
2008,1,24,LAX,0.0,64.0
2008,1,24,LBB,0.0,0.0
2008,1,24,MAF,0.0,13.0
2008,1,24,MCI,0.0,0.0
2008,1,24,MCO,0.0,8.0
2008,1,24,MDW,0.0,0.0
2008,1,24,OAK,0.0,36.0
2008,1,24,PDX,0.0,0.0
2008,1,24,PHX,0.0,3.0
2008,1,24,SAN,0.0,18.0
2008,1,24,SEA,0.0,0.0
2008,1,24,SLC,10.0,5.0
2008,1,24,STL,0.0,0.0
2008,1,24,TPA,0.0,0.0
2008,1,24,TUS,0.0,0.0
2008,1,24,ALB,10.0,3.0
2008,1,24,AUS,0.0,5.0
2008,1,24,BNA,0.0,0.0
2008,1,24,HRL,0.0,33.0
2008,1,24,BDL,0.0,0.0
2008,1,24,BHM,0.0,0.0
2008,1,24,JAX,0.0,5.0
2008,1,24,MSY,0.0,43.0
2008,1,24,SDF,0.0,0.0
2008,1,24,CLE,20.0,10.0
2008,1,24,CMH,15.0,8.0
2008,1,24,DTW,3.0,0.0
2008,1,24,FLL,0.0,0.0
2008,1,24,ONT,0.0,66.0
2008,1,24,PHL,0.0,0.0
2008,1,24,PVD,0.0,0.0
2008,1,24,RDU,0.0,0.0
2008,1,24,SAT,0.0,0.0
2008,1,24,BOI,61.0,36.0
2008,1,24,GEG,0.0,0.0
2008,1,24,RNO,3.0,3.0
2008,1,24,BUF,28.0,13.0
2008,1,24,BUR,0.0,315.0
2008,1,24,SJC,0.0,36.0
2008,1,24,SMF,0.0,43.0
2008,1,24,IND,5.0,0.0
2008,1,24,ISP,0.0,0.0
2008,1,24,JAN,0.0,43.0
2008,1,24,LIT,0.0,0.0
2008,1,24,MHT,0.0,0.0
2008,1,24,OKC,0.0,0.0
2008,1,24,ORF,0.0,0.0
2008,1,24,PBI,0.0,0.0
2008,1,24,PIT,46.0,25.0
2008,1,24,RSW,0.0,0.0
2008,1,24,CRP,0.0,30.0
2008,1,24,TUL,0.0,0.0
2008,1,24,IAD,0.0,0.0
2008,1,24,OMA,0.0,0.0
2008,1,24,SFO,0.0,76.0
2008,1,24,SNA,0.0,36.0
2008,1,25,ABQ,0.0,0.0
2008,1,25,AMA,0.0,0.0
2008,1,25,BWI,0.0,0.0
2008,1,25,DAL,0.0,66.0
2008,1,25,DEN,0.0,0.0
2008,1,25,ELP,0.0,0.0
2008,1,25,HOU,0.0,112.0
2008,1,25,LAS,0.0,0.0
2008,1,25,LAX,0.0,241.0
2008,1,25,LBB,0.0,0.0
2008,1,25,MAF,0.0,0.0
2008,1,25,MCI,3.0,0.0
2008,1,25,MCO,0.0,0.0
2008,1,25,MDW,23.0,8.0
2008,1,25,OAK,0.0,386.0
2008,1,25,PDX,0.0,0.0
2008,1,25,PHX,0.0,0.0
2008,1,25,SAN,0.0,0.0
2008,1,25,SEA,0.0,0.0
2008,1,25,SLC,0.0,0.0
2008,1,25,STL,0.0,0.0
2008,1,25,TPA,0.0,0.0
2008,1,25,TUS,0.0,0.0
2008,1,25,ALB,0.0,0.0
2008,1,25,AUS,0.0,23.0
2008,1,25,BNA,0.0,0.0
2008,1,25,HRL,0.0,0.0
2008,1,25,BDL,0.0,0.0
2008,1,25,BHM,0.0,10.0
2008,1,25,JAX,0.0,0.0
2008,1,25,MSY,0.0,79.0
2008,1,25,SDF,0.0,0.0
2008,1,25,CLE,0.0,0.0
2008,1,25,CMH,0.0,0.0
2008,1,25,DTW,3.0,3.0
2008,1,25,FLL,0.0,0.0
2008,1,25,ONT,0.0,84.0
2008,1,25,PHL,0.0,0.0
2008,1,25,PVD,0.0,0.0
2008,1,25,RDU,0.0,0.0
2008,1,25,SAT,0.0,13.0
2008,1,25,BOI,0.0,0.0
2008,1,25,GEG,0.0,0.0
2008,1,25,RNO,0.0,0.0
2008,1,25,BUF,0.0,0.0
2008,1,25,BUR,0.0,419.0
2008,1,25,SJC,0.0,135.0
2008,1,25,SMF,0.0,254.0
2008,1,25,IND,3.0,3.0
2008,1,25,ISP,0.0,0.0
2008,1,25,JAN,0.0,84.0
2008,1,25,LIT,0.0,10.0
2008,1,25,MHT,0.0,0.0
2008,1,25,OKC,0.0,0.0
2008,1,25,ORF,0.0,0.0
2008,1,25,PBI,0.0,0.0
2008,1,25,PIT,0.0,0.0
2008,1,25,RSW,0.0,0.0
2008,1,25,CRP,0.0,5.0
2008,1,25,TUL,3.0,3.0
2008,1,25,IAD,0.0,0.0
2008,1,25,OMA,0.0,0.0
2008,1,25,SFO,0.0,645.0
2008,1,25,SNA,0.0,25.0
2008,1,26,ABQ,0.0,0.0
2008,1,26,AMA,0.0,0.0
2008,1,26,BWI,0.0,0.0
2008,1,26,DAL,0.0,0.0
2008,1,26,DEN,0.0,0.0
2008,1,26,ELP,0.0,0.0
2008,1,26,HOU,0.0,0.0
2008,1,26,LAS,0.0,0.0
2008,1,26,LAX,0.0,91.0
2008,1,26,LBB,0.0,0.0
2008,1,26,MAF,0.0,0.0
2008,1,26,MCI,0.0,0.0
2008,1,26,MCO,0.0,8.0
2008,1,26,MDW,13.0,5.0
2008,1,26,OAK,0.0,66.0
2008,1,26,PDX,0.0,145.0
2008,1,26,PHX,0.0,0.0
2008,1,26,SAN,0.0,81.0
2008,1,26,SEA,0.0,89.0
2008,1,26,SLC,0.0,0.0
2008,1,26,STL,0.0,0.0
2008,1,26,TPA,0.0,3.0
2008,1,26,TUS,0.0,0.0
2008,1,26,ALB,0.0,0.0
2008,1,26,AUS,0.0,0.0
2008,1,26,BNA,0.0,0.0
2008,1,26,HRL,0.0,0.0
2008,1,26,BDL,0.0,0.0
2008,1,26,BHM,0.0,13.0
2008,1,26,JAX,0.0,46.0
2008,1,26,MSY,0.0,58.0
2008,1,26,SDF,0.0,0.0
2008,1,26,CLE,20.0,20.0
2008,1,26,CMH,0.0,0.0
2008,1,26,DTW,66.0,23.0
2008,1,26,FLL,0.0,0.0
2008,1,26,ONT,0.0,76.0
2008,1,26,PHL,0.0,0.0
2008,1,26,PVD,0.0,0.0
2008,1,26,RDU,0.0,0.0
2008,1,26,SAT,0.0,0.0
2008,1,26,BOI,0.0,0.0
2008,1,26,GEG,152.0,147.0
2008,1,26,RNO,0.0,0.0
2008,1,26,BUF,25.0,8.0
2008,1,26,BUR,0.0,203.0
2008,1,26,SJC,0.0,127.0
2008,1,26,SMF,0.0,38.0
2008,1,26,IND,0.0,0.0
2008,1,26,ISP,0.0,0.0
2008,1,26,JAN,0.0,137.0
2008,1,26,LIT,0.0,0.0
2008,1,26,MHT,0.0,0.0
2008,1,26,OKC,0.0,0.0
2008,1,26,ORF,0.0,0.0
2008,1,26,PBI,0.0,0.0
2008,1,26,PIT,3.0,3.0
2008,1,26,RSW,0.0,0.0
2008,1,26,CRP,0.0,0.0
2008,1,26,TUL,0.0,0.0
2008,1,26,IAD,0.0,0.0
2008,1,26,OMA,0.0,0.0
2008,1,26,SFO,0.0,58.0
2008,1,26,SNA,0.0,43.0
2008,1,27,ABQ,0.0,3.0
2008,1,27,AMA,0.0,0.0
2008,1,27,BWI,0.0,0.0
2008,1,27,DAL,0.0,0.0
2008,1,27,DEN,0.0,0.0
2008,1,27,ELP,0.0,0.0
2008,1,27,HOU,0.0,0.0
2008,1,27,LAS,0.0,127.0
2008,1,27,LAX,0.0,163.0
2008,1,27,LBB,0.0,0.0
2008,1,27,MAF,0.0,0.0
2008,1,27,MCI,0.0,0.0
2008,1,27,MCO,0.0,0.0
2008,1,27,MDW,0.0,0.0
2008,1,27,OAK,0.0,84.0
2008,1,27,PDX,0.0,20.0
2008,1,27,PHX,0.0,221.0
2008,1,27,SAN,0.0,102.0
2008,1,27,SEA,0.0,0.0
2008,1,27,SLC,0.0,0.0
2008,1,27,STL,0.0,0.0
2008,1,27,TPA,0.0,3.0
2008,1,27,TUS,0.0,8.0
2008,1,27,ALB,0.0,0.0
2008,1,27,AUS,0.0,0.0
2008,1,27,BNA,0.0,0.0
2008,1,27,HRL,0.0,0.0
2008,1,27,BDL,0.0,0.0
2008,1,27,BHM,0.0,0.0
2008,1,27,JAX,0.0,0.0
2008,1,27,MSY,0.0,0.0
2008,1,27,SDF,0.0,0.0
2008,1,27,CLE,13.0,5.0
2008,1,27,CMH,0.0,0.0
2008,1,27,DTW,0.0,0.0
2008,1,27,FLL,0.0,0.0
2008,1,27,ONT,0.0,272.0
2008,1,27,PHL,0.0,0.0
2008,1,27,PVD,5.0,3.0
2008,1,27,RDU,0.0,0.0
2008,1,27,SAT,0.0,0.0
2008,1,27,BOI,0.0,25.0
2008,1,27,GEG,196.0,137.0
2008,1,27,RNO,56.0,51.0
2008,1,27,BUF,10.0,3.0
2008,1,27,BUR,0.0,307.0
2008,1,27,SJC,0.0,107.0
2008,1,27,SMF,0.0,97.0
2008,1,27,IND,0.0,0.0
2008,1,27,ISP,0.0,0.0
2008,1,27,JAN,0.0,0.0
2008,1,27,LIT,0.0,0.0
2008,1,27,MHT,0.0,15.0
2008,1,27,OKC,0.0,0.0
2008,1,27,ORF,0.0,0.0
2008,1,27,PBI,0.0,0.0
2008,1,27,PIT,13.0,5.0
2008,1,27,RSW,0.0,0.0
2008,1,27,CRP,0.0,0.0
2008,1,27,TUL,0.0,0.0
2008,1,27,IAD,0.0,0.0
2008,1,27,OMA,0.0,0.0
2008,1,27,SFO,0.0,81.0
2008,1,27,SNA,0.0,53.0
2008,1,28,ABQ,8.0,43.0
2008,1,28,AMA,0.0,0.0
2008,1,28,BWI,0.0,0.0
2008,1,28,DAL,0.0,0.0
2008,1,28,DEN,0.0,0.0
2008,1,28,ELP,0.0,23.0
2008,1,28,HOU,0.0,0.0
2008,1,28,LAS,0.0,0.0
2008,1,28,LAX,0.0,20.0
2008,1,28,LBB,0.0,0.0
2008,1,28,MAF,0.0,0.0
2008,1,28,MCI,0.0,0.0
2008,1,28,MCO,0.0,0.0
2008,1,28,MDW,0.0,10.0
2008,1,28,OAK,0.0,28.0
2008,1,28,PDX,0.0,5.0
2008,1,28,PHX,0.0,36.0
2008,1,28,SAN,0.0,20.0
2008,1,28,SEA,0.0,38.0
2008,1,28,SLC,51.0,30.0
2008,1,28,STL,0.0,0.0
2008,1,28,TPA,0.0,0.0
2008,1,28,TUS,0.0,3.0
2008,1,28,ALB,0.0,0.0
2008,1,28,AUS,0.0,3.0
2008,1,28,BNA,0.0,0.0
2008,1,28,HRL,0.0,0.0
2008,1,28,BDL,0.0,0.0
2008,1,28,BHM,0.0,0.0
2008,1,28,JAX,0.0,0.0
2008,1,28,MSY,0.0,0.0
2008,1,28,SDF,0.0,0.0
2008,1,28,CLE,0.0,10.0
2008,1,28,CMH,0.0,0.0
2008,1,28,DTW,0.0,28.0
2008,1,28,FLL,0.0,0.0
2008,1,28,ONT,0.0,107.0
2008,1,28,PHL,0.0,0.0
2008,1,28,PVD,0.0,0.0
2008,1,28,RDU,0.0,0.0
2008,1,28,SAT,0.0,5.0
2008,1,28,BOI,36.0,30.0
2008,1,28,GEG,0.0,0.0
2008,1,28,RNO,8.0,15.0
2008,1,28,BUF,0.0,0.0
2008,1,28,BUR,0.0,66.0
2008,1,28,SJC,0.0,25.0
2008,1,28,SMF,0.0,0.0
2008,1,28,IND,0.0,0.0
2008,1,28,ISP,0.0,0.0
2008,1,28,JAN,0.0,0.0
2008,1,28,LIT,0.0,0.0
2008,1,28,MHT,0.0,0.0
2008,1,28,OKC,0.0,0.0
2008,1,28,ORF,0.0,0.0
2008,1,28,PBI,0.0,0.0
2008,1,28,PIT,0.0,10.0
2008,1,28,RSW,0.0,0.0
2008,1,28,CRP,0.0,0.0
2008,1,28,TUL,0.0,0.0
2008,1,28,IAD,0.0,0.0
2008,1,28,OMA,0.0,3.0
2008,1,28,SFO,0.0,38.0
2008,1,28,SNA,0.0,114.0
2008,1,29,ABQ,3.0,5.0
2008,1,29,AMA,0.0,0.0
2008,1,29,BWI,0.0,13.0
2008,1,29,DAL,0.0,0.0
2008,1,29,DEN,0.0,0.0
2008,1,29,ELP,0.0,0.0
2008,1,29,HOU,0.0,0.0
2008,1,29,LAS,0.0,0.0
2008,1,29,LAX,0.0,0.0
2008,1,29,LBB,0.0,0.0
2008,1,29,MAF,0.0,0.0
2008,1,29,MCI,25.0,13.0
2008,1,29,MCO,0.0,0.0
2008,1,29,MDW,48.0,25.0
2008,1,29,OAK,0.0,23.0
2008,1,29,PDX,0.0,61.0
2008,1,29,PHX,0.0,0.0
2008,1,29,SAN,0.0,0.0
2008,1,29,SEA,0.0,20.0
2008,1,29,SLC,3.0,3.0
2008,1,29,STL,3.0,0.0
2008,1,29,TPA,0.0,0.0
2008,1,29,TUS,0.0,0.0
2008,1,29,ALB,0.0,18.0
2008,1,29,AUS,0.0,0.0
2008,1,29,BNA,0.0,201.0
2008,1,29,HRL,0.0,0.0
2008,1,29,BDL,0.0,0.0
2008,1,29,BHM,0.0,173.0
2008,1,29,JAX,0.0,0.0
2008,1,29,MSY,0.0,36.0
2008,1,29,SDF,0.0,152.0
2008,1,29,CLE,0.0,13.0
2008,1,29,CMH,0.0,56.0
2008,1,29,DTW,0.0,28.0
2008,1,29,FLL,0.0,0.0
2008,1,29,ONT,0.0,0.0
2008,1,29,PHL,0.0,5.0
2008,1,29,PVD,0.0,0.0
2008,1,29,RDU,0.0,0.0
2008,1,29,SAT,0.0,0.0
2008,1,29,BOI,33.0,13.0
2008,1,29,GEG,38.0,33.0
2008,1,29,RNO,0.0,3.0
2008,1,29,BUF,0.0,8.0
2008,1,29,BUR,0.0,0.0
2008,1,29,SJC,0.0,3.0
2008,1,29,SMF,0.0,25.0
2008,1,29,IND,3.0,48.0
2008,1,29,ISP,0.0,0.0
2008,1,29,JAN,0.0,97.0
2008,1,29,LIT,0.0,20.0
2008,1,29,MHT,0.0,0.0
2008,1,29,OKC,0.0,0.0
2008,1,29,ORF,0.0,0.0
2008,1,29,PBI,0.0,0.0
2008,1,29,PIT,0.0,30.0
2008,1,29,RSW,0.0,0.0
2008,1,29,CRP,0.0,0.0
2008,1,29,TUL,0.0,0.0
2008,1,29,IAD,0.0,36.0
2008,1,29,OMA,10.0,3.0
2008,1,29,SFO,0.0,20.0
2008,1,29,SNA,0.0,0.0
2008,1,30,ABQ,5.0,0.0
2008,1,30,AMA,0.0,0.0
2008,1,30,BWI,0.0,20.0
2008,1,30,DAL,0.0,0.0
2008,1,30,DEN,0.0,0.0
2008,1,30,ELP,0.0,0.0
2008,1,30,HOU,0.0,0.0
2008,1,30,LAS,0.0,0.0
2008,1,30,LAX,0.0,0.0
2008,1,30,LBB,0.0,0.0
2008,1,30,MAF,0.0,0.0
2008,1,30,MCI,0.0,0.0
2008,1,30,MCO,0.0,0.0
2008,1,30,MDW,0.0,0.0
2008,1,30,OAK,0.0,20.0
2008,1,30,PDX,0.0,23.0
2008,1,30,PHX,0.0,0.0
2008,1,30,SAN,0.0,0.0
2008,1,30,SEA,0.0,28.0
2008,1,30,SLC,25.0,15.0
2008,1,30,STL,0.0,0.0
2008,1,30,TPA,0.0,0.0
2008,1,30,TUS,0.0,0.0
2008,1,30,ALB,5.0,15.0
2008,1,30,AUS,0.0,0.0
2008,1,30,BNA,0.0,0.0
2008,1,30,HRL,0.0,3.0
2008,1,30,BDL,0.0,25.0
2008,1,30,BHM,0.0,0.0
2008,1,30,JAX,0.0,3.0
2008,1,30,MSY,0.0,0.0
2008,1,30,SDF,0.0,0.0
2008,1,30,CLE,8.0,28.0
2008,1,30,CMH,0.0,0.0
2008,1,30,DTW,8.0,0.0
2008,1,30,FLL,0.0,0.0
2008,1,30,ONT,0.0,0.0
2008,1,30,PHL,0.0,13.0
2008,1,30,PVD,0.0,41.0
2008,1,30,RDU,0.0,33.0
2008,1,30,SAT,0.0,0.0
2008,1,30,BOI,15.0,5.0
2008,1,30,GEG,23.0,10.0
2008,1,30,RNO,0.0,0.0
2008,1,30,BUF,28.0,46.0
2008,1,30,BUR,0.0,0.0
2008,1,30,SJC,0.0,8.0
2008,1,30,SMF,0.0,0.0
2008,1,30,IND,0.0,0.0
2008,1,30,ISP,0.0,41.0
2008,1,30,JAN,0.0,0.0
2008,1,30,LIT,0.0,3.0
2008,1,30,MHT,0.0,23.0
2008,1,30,OKC,0.0,0.0
2008,1,30,ORF,0.0,0.0
2008,1,30,PBI,0.0,0.0
2008,1,30,PIT,0.0,3.0
2008,1,30,RSW,0.0,0.0
2008,1,30,CRP,0.0,3.0
2008,1,30,TUL,0.0,0.0
2008,1,30,IAD,0.0,5.0
2008,1,30,OMA,0.0,0.0
2008,1,30,SFO,0.0,28.0
2008,1,30,SNA,0.0,0.0
2008,1,31,ABQ,0.0,0.0
2008,1,31,AMA,66.0,58.0
2008,1,31,BWI,0.0,0.0
2008,1,31,DAL,0.0,3.0
2008,1,31,DEN,0.0,0.0
2008,1,31,ELP,0.0,0.0
2008,1,31,HOU,0.0,38.0
2008,1,31,LAS,0.0,0.0
2008,1,31,LAX,0.0,0.0
2008,1,31,LBB,18.0,18.0
2008,1,31,MAF,0.0,0.0
2008,1,31,MCI,3.0,0.0
2008,1,31,MCO,0.0,0.0
2008,1,31,MDW,122.0,10.0
2008,1,31,OAK,0.0,99.0
2008,1,31,PDX,0.0,140.0
2008,1,31,PHX,0.0,0.0
2008,1,31,SAN,0.0,0.0
2008,1,31,SEA,0.0,74.0
2008,1,31,SLC,0.0,0.0
2008,1,31,STL,99.0,76.0
2008,1,31,TPA,0.0,0.0
2008,1,31,TUS,0.0,0.0
2008,1,31,ALB,0.0,0.0
2008,1,31,AUS,0.0,15.0
2008,1,31,BNA,0.0,191.0
2008,1,31,HRL,0.0,0.0
2008,1,31,BDL,0.0,0.0
2008,1,31,BHM,0.0,295.0
2008,1,31,JAX,0.0,3.0
2008,1,31,MSY,0.0,130.0
2008,1,31,SDF,0.0,53.0
2008,1,31,CLE,0.0,0.0
2008,1,31,CMH,0.0,0.0
2008,1,31,DTW,0.0,0.0
2008,1,31,FLL,0.0,0.0
2008,1,31,ONT,0.0,0.0
2008,1,31,PHL,0.0,0.0
2008,1,31,PVD,0.0,0.0
2008,1,31,RDU,0.0,0.0
2008,1,31,SAT,0.0,3.0
2008,1,31,BOI,46.0,38.0
2008,1,31,GEG,173.0,117.0
2008,1,31,RNO,0.0,3.0
2008,1,31,BUF,0.0,0.0
2008,1,31,BUR,0.0,0.0
2008,1,31,SJC,0.0,0.0
2008,1,31,SMF,0.0,97.0
2008,1,31,IND,13.0,13.0
2008,1,31,ISP,0.0,0.0
2008,1,31,JAN,0.0,310.0
2008,1,31,LIT,0.0,206.0
2008,1,31,MHT,0.0,0.0
2008,1,31,OKC,15.0,15.0
2008,1,31,ORF,0.0,0.0
2008,1,31,PBI,0.0,0.0
2008,1,31,PIT,0.0,0.0
2008,1,31,RSW,0.0,0.0
2008,1,31,CRP,0.0,0.0
2008,1,31,TUL,56.0,69.0
2008,1,31,IAD,0.0,0.0
2008,1,31,OMA,0.0,0.0
2008,1,31,SFO,0.0,13.0
2008,1,31,SNA,0.0,0.0
2008,1,5,ROC,0.0,5.0
2008,1,5,EWR,0.0,8.0
2008,1,29,DAY,0.0,23.0
2008,1,29,IAH,0.0,0.0
2008,1,31,IAH,0.0,114.0
2008,1,8,ORD,0.0,168.0
2008,1,8,EWR,0.0,0.0
2008,1,29,EWR,0.0,5.0
2008,1,20,EWR,0.0,0.0
2008,1,23,EWR,0.0,0.0
2008,1,2,MCI,0.0,0.0
2008,1,2,IAH,0.0,0.0
2008,1,19,EWR,0.0,0.0
2008,1,31,EWR,0.0,0.0
2008,1,3,SYR,0.0,0.0
2008,1,30,EWR,0.0,25.0
2008,1,19,IAH,0.0,246.0
2008,1,22,EWR,0.0,0.0
2008,1,2,CLE,79.0,33.0
2008,1,2,SDF,0.0,0.0
2008,1,2,TUL,0.0,0.0
2008,1,2,EWR,0.0,0.0
2008,1,31,LFT,0.0,312.0
2008,1,11,DCA,0.0,38.0
2008,1,15,IAH,0.0,114.0
2008,1,25,EWR,0.0,0.0
2008,1,25,GSO,0.0,0.0
2008,1,17,IAH,0.0,0.0
2008,1,26,IAH,0.0,0.0
2008,1,18,IAH,0.0,193.0
2008,1,2,BNA,0.0,0.0
2008,1,10,EWR,0.0,0.0
2008,1,11,ROC,0.0,132.0
2008,1,1,EWR,0.0,43.0
2008,1,1,MYR,0.0,0.0
2008,1,3,RIC,0.0,0.0
2008,1,1,AUS,0.0,0.0
2008,1,1,ONT,0.0,0.0
2008,1,2,AUS,0.0,0.0
2008,1,2,ONT,0.0,0.0
2008,1,4,MKE,0.0,0.0
2008,1,29,CHS,0.0,0.0
2008,1,12,EWR,0.0,0.0
2008,1,12,SYR,0.0,5.0
2008,1,28,EWR,0.0,0.0
2008,1,22,LCH,0.0,0.0
2008,1,22,IAH,0.0,25.0
2008,1,13,IAH,0.0,0.0
2008,1,11,ATL,0.0,79.0
2008,1,28,CLT,0.0,0.0
2008,1,28,IAH,0.0,0.0
2008,1,19,BTR,0.0,378.0
2008,1,25,IAH,0.0,23.0
2008,1,27,EWR,0.0,0.0
2008,1,21,EWR,0.0,0.0
2008,1,31,GSO,0.0,0.0
2008,1,15,SAV,0.0,0.0
2008,1,30,IAH,0.0,0.0
2008,1,8,CRW,0.0,0.0
2008,1,8,IAH,0.0,0.0
2008,1,16,DCA,0.0,0.0
2008,1,29,XNA,0.0,0.0
2008,1,3,IAH,0.0,0.0
2008,1,1,MCI,0.0,0.0
2008,1,22,XNA,0.0,0.0
2008,1,1,FAT,0.0,0.0
2008,1,2,FAT,0.0,0.0
2008,1,3,FAT,0.0,0.0
2008,1,4,FAT,0.0,312.0
2008,1,5,FAT,0.0,84.0
2008,1,6,FAT,0.0,0.0
2008,1,7,FAT,0.0,0.0
2008,1,8,FAT,0.0,5.0
2008,1,9,FAT,0.0,0.0
2008,1,10,FAT,0.0,0.0
2008,1,11,FAT,0.0,0.0
2008,1,12,FAT,0.0,0.0
2008,1,13,FAT,0.0,0.0
2008,1,14,FAT,0.0,0.0
2008,1,15,FAT,0.0,0.0
2008,1,16,FAT,0.0,0.0
2008,1,17,FAT,0.0,0.0
2008,1,18,FAT,0.0,0.0
2008,1,19,FAT,0.0,0.0
2008,1,20,FAT,0.0,0.0
2008,1,21,FAT,0.0,0.0
2008,1,22,FAT,0.0,3.0
2008,1,23,FAT,0.0,206.0
2008,1,24,FAT,0.0,15.0
2008,1,25,FAT,0.0,0.0
2008,1,26,FAT,0.0,3.0
2008,1,27,FAT,0.0,124.0
2008,1,28,FAT,0.0,84.0
2008,1,29,FAT,0.0,5.0
2008,1,30,FAT,0.0,3.0
2008,1,31,FAT,0.0,0.0
2008,1,1,ELP,0.0,0.0
2008,1,2,ELP,0.0,0.0
2008,1,1,COS,0.0,0.0
2008,1,2,COS,0.0,0.0
2008,1,3,COS,0.0,0.0
2008,1,4,COS,0.0,0.0
2008,1,5,COS,0.0,0.0
2008,1,6,COS,41.0,33.0
2008,1,7,COS,64.0,41.0
2008,1,8,COS,0.0,0.0
2008,1,9,COS,0.0,0.0
2008,1,10,COS,0.0,0.0
2008,1,11,COS,0.0,0.0
2008,1,12,COS,0.0,0.0
2008,1,13,COS,0.0,0.0
2008,1,14,COS,0.0,0.0
2008,1,15,COS,0.0,0.0
2008,1,16,COS,0.0,0.0
2008,1,17,COS,0.0,0.0
2008,1,18,COS,30.0,15.0
2008,1,19,COS,0.0,0.0
2008,1,20,COS,0.0,0.0
2008,1,21,COS,64.0,25.0
2008,1,22,COS,0.0,0.0
2008,1,23,COS,0.0,0.0
2008,1,24,COS,0.0,0.0
2008,1,25,COS,0.0,0.0
2008,1,26,COS,0.0,0.0
2008,1,27,COS,0.0,0.0
2008,1,28,COS,0.0,0.0
2008,1,29,COS,0.0,0.0
2008,1,30,COS,5.0,3.0
2008,1,31,COS,0.0,0.0
2008,1,1,ABQ,0.0,0.0
2008,1,2,ABQ,0.0,0.0
2008,1,1,BOI,0.0,0.0
2008,1,2,BOI,0.0,0.0
2008,1,1,GEG,0.0,0.0
2008,1,2,GEG,0.0,3.0
2008,1,1,TUS,0.0,0.0
2008,1,2,TUS,0.0,0.0
2008,1,1,MRY,0.0,0.0
2008,1,2,MRY,0.0,0.0
2008,1,3,MRY,0.0,51.0
2008,1,4,MRY,0.0,493.0
2008,1,5,MRY,0.0,89.0
2008,1,6,MRY,0.0,0.0
2008,1,7,MRY,0.0,5.0
2008,1,8,MRY,0.0,30.0
2008,1,9,MRY,0.0,0.0
2008,1,10,MRY,0.0,0.0
2008,1,11,MRY,0.0,0.0
2008,1,12,MRY,0.0,0.0
2008,1,13,MRY,0.0,0.0
2008,1,14,MRY,0.0,0.0
2008,1,15,MRY,0.0,0.0
2008,1,16,MRY,0.0,0.0
2008,1,17,MRY,0.0,0.0
2008,1,18,MRY,0.0,0.0
2008,1,19,MRY,0.0,0.0
2008,1,20,MRY,0.0,10.0
2008,1,21,MRY,0.0,43.0
2008,1,22,MRY,0.0,104.0
2008,1,23,MRY,0.0,3.0
2008,1,24,MRY,0.0,137.0
2008,1,25,MRY,0.0,61.0
2008,1,26,MRY,0.0,71.0
2008,1,27,MRY,0.0,140.0
2008,1,28,MRY,0.0,30.0
2008,1,29,MRY,0.0,8.0
2008,1,30,MRY,0.0,0.0
2008,1,31,MRY,0.0,8.0
2008,1,7,LGB,0.0,0.0
2008,1,8,LGB,0.0,0.0
2008,1,9,LGB,0.0,0.0
2008,1,10,LGB,0.0,0.0
2008,1,11,LGB,0.0,0.0
2008,1,12,LGB,0.0,0.0
2008,1,13,LGB,0.0,0.0
2008,1,14,LGB,0.0,0.0
2008,1,15,LGB,0.0,0.0
2008,1,16,LGB,0.0,0.0
2008,1,17,LGB,0.0,0.0
2008,1,18,LGB,0.0,0.0
2008,1,19,LGB,0.0,0.0
2008,1,20,LGB,0.0,0.0
2008,1,21,LGB,0.0,0.0
2008,1,22,LGB,0.0,43.0
2008,1,23,LGB,0.0,203.0
2008,1,24,LGB,0.0,64.0
2008,1,25,LGB,0.0,241.0
2008,1,26,LGB,0.0,91.0
2008,1,27,LGB,0.0,163.0
2008,1,28,LGB,0.0,20.0
2008,1,29,LGB,0.0,0.0
2008,1,30,LGB,0.0,0.0
2008,1,31,LGB,0.0,0.0
2008,1,1,SAT,0.0,0.0
2008,1,2,SAT,0.0,0.0
2008,1,1,LGB,0.0,0.0
2008,1,2,LGB,0.0,0.0
2008,1,3,LGB,0.0,0.0
2008,1,4,LGB,0.0,188.0
2008,1,5,LGB,0.0,15.0
2008,1,6,LGB,0.0,157.0
2008,1,1,TUL,0.0,0.0
2008,1,1,OKC,0.0,0.0
2008,1,2,OKC,0.0,0.0
2008,1,2,SMF,0.0,0.0
2008,1,1,SMF,0.0,0.0,No NOAA Data
2008,1,1,RNO,0.0,0.0
2008,1,2,RNO,0.0,0.0
2008,1,1,BFL,0.0,0.0
2008,1,2,BFL,0.0,0.0
2008,1,3,BFL,0.0,0.0
2008,1,4,BFL,0.0,23.0
2008,1,5,BFL,0.0,5.0
2008,1,6,BFL,0.0,51.0
2008,1,7,BFL,0.0,3.0
2008,1,8,BFL,0.0,0.0
2008,1,9,BFL,0.0,0.0
2008,1,10,BFL,0.0,0.0
2008,1,11,BFL,0.0,0.0
2008,1,12,BFL,0.0,0.0
2008,1,13,BFL,0.0,0.0
2008,1,14,BFL,0.0,0.0
2008,1,16,BFL,0.0,0.0
2008,1,17,BFL,0.0,0.0
2008,1,18,BFL,0.0,0.0
2008,1,19,BFL,0.0,0.0
2008,1,20,BFL,0.0,0.0
2008,1,21,BFL,0.0,0.0
2008,1,22,BFL,0.0,0.0
2008,1,23,BFL,0.0,76.0
2008,1,24,BFL,0.0,3.0
2008,1,25,BFL,0.0,0.0
2008,1,26,BFL,0.0,0.0
2008,1,27,BFL,0.0,0.0
2008,1,28,BFL,0.0,3.0
2008,1,29,BFL,0.0,0.0
2008,1,30,BFL,0.0,3.0
2008,1,31,BFL,0.0,0.0
2008,1,15,BFL,0.0,0.0
2008,1,1,RDU,0.0,0.0
2008,1,2,RDU,0.0,0.0
2008,1,1,JAX,0.0,0.0
2008,1,2,JAX,0.0,0.0
2008,1,1,MSY,0.0,0.0
2008,1,2,MSY,0.0,0.0
2008,1,1,SAN,0.0,0.0
2008,1,2,SAN,0.0,0.0
2008,1,1,OMA,0.0,0.0
2008,1,2,OMA,0.0,0.0
2008,1,1,BHM,0.0,0.0
2008,1,2,BHM,0.0,0.0
2008,1,2,SLC,0.0,0.0
2008,1,2,EUG,0.0,13.0
2008,1,1,LAX,0.0,0.0
2008,1,1,LAS,0.0,0.0
2008,1,2,LAX,0.0,0.0
2008,1,2,LAS,0.0,0.0
2008,1,3,EUG,0.0,76.0
2008,1,4,EUG,0.0,99.0
2008,1,6,EUG,0.0,132.0
2008,1,7,EUG,0.0,48.0
2008,1,8,EUG,0.0,109.0
2008,1,9,EUG,0.0,81.0
2008,1,10,EUG,0.0,41.0
2008,1,11,EUG,0.0,107.0
2008,1,13,EUG,0.0,5.0
2008,1,14,EUG,0.0,0.0
2008,1,15,EUG,0.0,30.0
2008,1,16,EUG,0.0,0.0
2008,1,17,EUG,0.0,0.0
2008,1,18,EUG,0.0,0.0
2008,1,20,EUG,0.0,13.0
2008,1,21,EUG,0.0,20.0
2008,1,22,EUG,0.0,0.0
2008,1,23,EUG,0.0,0.0
2008,1,24,EUG,0.0,0.0
2008,1,25,EUG,0.0,0.0
2008,1,27,EUG,8.0,307.0
2008,1,28,EUG,3.0,33.0
2008,1,29,EUG,0.0,43.0
2008,1,30,EUG,0.0,140.0
2008,1,31,EUG,0.0,127.0
2008,1,1,SLC,0.0,0.0
2008,1,1,PHX,0.0,0.0
2008,1,2,PHX,0.0,0.0
2008,1,5,EUG,0.0,318.0
2008,1,12,EUG,0.0,66.0
2008,1,19,EUG,0.0,0.0
2008,1,26,EUG,0.0,18.0
2008,1,1,SJC,0.0,0.0
2008,1,2,SJC,0.0,0.0
2008,1,1,SEA,0.0,0.0
2008,1,2,SEA,0.0,102.0
2008,1,1,SFO,0.0,0.0
2008,1,2,SFO,0.0,0.0
2008,1,1,EUG,0.0,0.0
2008,1,1,DEN,0.0,0.0
2008,1,2,DEN,0.0,0.0
2008,1,1,ICT,0.0,0.0
2008,1,2,ICT,0.0,0.0
2008,1,3,ICT,0.0,0.0
2008,1,4,ICT,0.0,0.0
2008,1,5,ICT,0.0,0.0
2008,1,6,ICT,0.0,0.0
2008,1,7,ICT,0.0,3.0
2008,1,8,ICT,0.0,5.0
2008,1,9,ICT,0.0,0.0
2008,1,10,ICT,0.0,0.0
2008,1,11,ICT,0.0,0.0
2008,1,12,ICT,0.0,0.0
2008,1,13,ICT,0.0,0.0
2008,1,14,ICT,0.0,0.0
2008,1,15,ICT,0.0,0.0
2008,1,16,ICT,20.0,23.0
2008,1,17,ICT,0.0,0.0
2008,1,18,ICT,0.0,0.0
2008,1,19,ICT,0.0,0.0
2008,1,20,ICT,0.0,0.0
2008,1,21,ICT,0.0,0.0
2008,1,22,ICT,0.0,0.0
2008,1,23,ICT,0.0,0.0
2008,1,24,ICT,0.0,0.0
2008,1,25,ICT,0.0,0.0
2008,1,26,ICT,0.0,0.0
2008,1,27,ICT,0.0,0.0
2008,1,28,ICT,0.0,0.0
2008,1,29,ICT,5.0,3.0
2008,1,30,ICT,0.0,0.0
2008,1,31,ICT,102.0,56.0
2008,1,1,PDX,0.0,0.0
2008,1,2,PDX,0.0,155.0
2008,1,6,EWR,0.0,0.0
2008,1,6,IAH,0.0,0.0
2008,1,7,EWR,0.0,0.0
2008,1,22,SAV,0.0,15.0
2008,1,10,LGA,0.0,0.0
2008,1,13,CLT,0.0,0.0
2008,1,9,DCA,0.0,0.0
2008,1,29,GRK,0.0,0.0
2008,1,14,EWR,0.0,38.0
2008,1,14,MSN,20.0,13.0
2008,1,24,IAH,0.0,94.0
2008,1,2,CAE,0.0,0.0
2008,1,31,DAY,0.0,3.0
2008,1,2,BRO,0.0,0.0
2008,1,8,DSM,0.0,0.0
2008,1,9,IAH,0.0,0.0
2008,1,18,BTR,0.0,33.0
2008,1,25,MKE,20.0,8.0
2008,1,23,IAH,0.0,135.0
2008,1,25,ORD,15.0,8.0
2008,1,26,TLH,0.0,86.0
2008,1,13,GRR,25.0,53.0
2008,1,13,EWR,0.0,79.0
2008,1,28,LFT,0.0,0.0
2008,1,28,DFW,0.0,0.0
2008,1,2,LIT,0.0,0.0
2008,1,21,IAH,0.0,5.0
2008,1,21,LFT,0.0,0.0
2008,1,4,PWM,0.0,0.0
2008,1,4,ROC,0.0,0.0
2008,1,18,CLT,0.0,0.0
2008,1,21,BRO,0.0,13.0
2008,1,9,SHV,0.0,0.0
2008,1,15,EWR,0.0,0.0
2008,1,11,IAH,0.0,0.0
2008,1,9,EWR,0.0,3.0
2008,1,2,MKE,5.0,0.0
2008,1,13,RIC,0.0,15.0
2008,1,21,CHS,0.0,0.0
2008,1,13,PWM,0.0,0.0
2008,1,10,IAH,0.0,3.0
2008,1,1,DAY,53.0,18.0
2008,1,15,ROC,71.0,23.0
2008,1,7,IAH,0.0,0.0
2008,1,29,MSP,0.0,0.0
2008,1,24,RIC,0.0,0.0
2008,1,21,MSP,23.0,23.0
2008,1,24,SAV,0.0,3.0
2008,1,20,IAH,0.0,0.0
2008,1,20,CRW,0.0,0.0
2008,1,12,IAH,0.0,0.0
2008,1,12,HSV,0.0,0.0
2008,1,1,IAH,0.0,0.0
2008,1,18,SRQ,0.0,10.0
2008,1,29,MTJ,20.0,0.0
2008,1,5,RIC,0.0,0.0
2008,1,21,CLT,0.0,0.0
2008,1,4,IAH,0.0,0.0
2008,1,4,MFE,0.0,0.0
2008,1,5,MSP,0.0,0.0
2008,1,31,HSV,0.0,386.0
2008,1,10,ORD,0.0,76.0
2008,1,6,GSO,0.0,0.0
2008,1,27,MSP,0.0,0.0
2008,1,16,EWR,0.0,0.0
2008,1,28,SAV,0.0,0.0
2008,1,24,LFT,0.0,168.0
2008,1,14,IAH,0.0,0.0
2008,1,15,XNA,0.0,0.0
2008,1,7,RIC,0.0,0.0
2008,1,24,EWR,0.0,0.0
2008,1,11,MKE,3.0,3.0
2008,1,11,EWR,0.0,196.0
2008,1,16,MKE,0.0,0.0
2008,1,9,PWM,0.0,8.0
2008,1,4,GRR,0.0,0.0
2008,1,16,IAH,0.0,213.0
2008,1,9,DFW,0.0,0.0
2008,1,21,BTR,0.0,0.0
2008,1,26,MEM,0.0,0.0
2008,1,23,BTV,25.0,10.0
2008,1,22,TYS,0.0,0.0
2008,1,8,BPT,0.0,36.0
2008,1,9,GPT,-1.0,315.0
2008,1,25,CVG,0.0,0.0
2008,1,12,TYS,0.0,0.0
2008,1,26,GPT,-1.0,343.0
2008,1,2,MGM,0.0,0.0
2008,1,1,GSP,0.0,0.0
2008,1,14,CHA,0.0,0.0
2008,1,29,GSP,0.0,10.0
2008,1,14,CVG,15.0,10.0
2008,1,16,MEM,0.0,36.0
2008,1,4,MEM,0.0,0.0
2008,1,15,DAY,5.0,0.0
2008,1,29,TYS,0.0,0.0
2008,1,8,CLT,0.0,0.0
2008,1,1,SHV,0.0,0.0
2008,1,15,MKE,0.0,0.0
2008,1,25,LGA,0.0,0.0
2008,1,7,BTV,0.0,0.0
2008,1,2,BDL,0.0,0.0
2008,1,7,SHV,0.0,0.0
2008,1,1,STL,0.0,0.0
2008,1,10,MEM,0.0,404.0
2008,1,3,LGA,0.0,0.0
2008,1,29,CVG,0.0,142.0
2008,1,4,EWR,0.0,0.0
2008,1,8,SYR,0.0,0.0
2008,1,18,EWR,0.0,102.0
2008,1,14,CLT,0.0,0.0
2008,1,8,LFT,0.0,3.0
2008,1,27,IAH,0.0,0.0
2008,1,31,MFE,0.0,0.0
2008,1,13,MKE,0.0,8.0
2008,1,1,MSP,0.0,0.0
2008,1,12,MFE,0.0,0.0
2008,1,5,IAH,0.0,8.0
2008,1,5,XNA,0.0,0.0
2008,1,4,ABE,0.0,0.0
2008,1,21,MEM,0.0,0.0
2008,1,7,MKE,0.0,127.0
2008,1,14,MSP,0.0,0.0
2008,1,14,MKE,3.0,0.0
2008,1,29,LFT,0.0,10.0
2008,1,7,MEM,0.0,8.0
2008,1,1,GSO,0.0,0.0
2008,1,22,ROC,48.0,36.0
2008,1,14,MFE,0.0,0.0
2008,1,31,CLT,0.0,25.0
2008,1,3,BRO,0.0,0.0
2008,1,9,RIC,0.0,0.0
2008,1,17,DAY,20.0,18.0
2008,1,12,MOB,0.0,0.0
2008,1,20,GPT,0.0,0.0
2008,1,22,LEX,25.0,10.0
2008,1,2,TYS,0.0,0.0
2008,1,20,CVG,0.0,0.0
2008,1,25,PWM,0.0,0.0
2008,1,2,MOB,0.0,0.0
2008,1,19,ATL,25.0,56.0
2008,1,2,IAD,0.0,0.0
2008,1,4,GPT,0.0,0.0
2008,1,15,LFT,0.0,28.0
2008,1,23,XNA,0.0,0.0
2008,1,12,CLT,0.0,0.0
2008,1,18,MSP,3.0,0.0
2008,1,5,MOB,0.0,0.0
2008,1,11,LRD,0.0,0.0
2008,1,22,SHV,0.0,64.0
2008,1,9,MEM,0.0,0.0
2008,1,2,IND,10.0,0.0
2008,1,2,SYR,13.0,0.0
2008,1,30,RIC,0.0,25.0
2008,1,12,RIC,0.0,0.0
2008,1,1,SDF,5.0,3.0
2008,1,1,CLE,135.0,94.0
2008,1,30,MKE,0.0,0.0
2008,1,26,EWR,0.0,0.0
2008,1,28,CVG,0.0,0.0
2008,1,16,LGA,0.0,0.0
2008,1,7,BTR,0.0,0.0
2008,1,11,LFT,0.0,0.0
2008,1,30,PWM,0.0,25.0
2008,1,30,CVG,0.0,0.0
2008,1,8,GRR,0.0,109.0
2008,1,15,CLT,0.0,0.0
2008,1,22,LFT,0.0,0.0
2008,1,22,HSV,0.0,51.0
2008,1,1,VPS,0.0,0.0
2008,1,30,LEX,0.0,0.0
2008,1,4,ORD,0.0,0.0
2008,1,21,GPT,0.0,0.0
2008,1,29,LGA,0.0,3.0
2008,1,22,DCA,0.0,0.0
2008,1,2,SAV,0.0,0.0
2008,1,31,MKE,117.0,51.0
2008,1,9,MKE,0.0,0.0
2008,1,31,DCA,0.0,0.0
2008,1,17,CVG,13.0,18.0
2008,1,14,ROC,3.0,10.0
2008,1,3,EWR,0.0,0.0
2008,1,2,BPT,0.0,0.0
2008,1,30,CLT,0.0,13.0
2008,1,21,TLH,0.0,0.0
2008,1,10,BTR,0.0,132.0
2008,1,10,BRO,0.0,0.0
2008,1,1,DTW,137.0,84.0
2008,1,3,CHS,0.0,0.0
2008,1,10,GRR,10.0,97.0
2008,1,13,LCH,0.0,0.0
2008,1,5,CLT,0.0,0.0
2008,1,20,TYS,0.0,0.0
2008,1,28,ROC,0.0,0.0
2008,1,2,BTR,0.0,0.0
2008,1,31,PNS,0.0,193.0
2008,1,26,CAE,0.0,0.0
2008,1,10,CLT,0.0,64.0
2008,1,30,GPT,0.0,0.0
2008,1,25,MSP,0.0,0.0
2008,1,17,EWR,0.0,86.0
2008,1,13,GSP,0.0,0.0
2008,1,5,SAV,0.0,0.0
2008,1,22,ORD,46.0,20.0
2008,1,15,MOB,0.0,0.0
2008,1,27,BTV,0.0,0.0
2008,1,1,MSN,5.0,3.0
2008,1,22,GSO,0.0,13.0
2008,1,31,SYR,0.0,0.0
2008,1,3,MKE,0.0,0.0
2008,1,25,ABE,0.0,0.0
2008,1,7,BRO,0.0,0.0
2008,1,10,MFE,0.0,0.0
2008,1,11,GSP,0.0,84.0
2008,1,22,TLH,0.0,53.0
2008,1,28,AEX,0.0,0.0
2008,1,11,RIC,0.0,8.0
2008,1,23,MEM,0.0,0.0
2008,1,16,CLT,0.0,0.0
2008,1,7,SYR,0.0,3.0
2008,1,17,MKE,8.0,8.0
2008,1,3,LRD,0.0,0.0
2008,1,21,DFW,0.0,0.0
2008,1,23,DAY,0.0,0.0
2008,1,7,GSP,0.0,0.0
2008,1,25,SYR,112.0,18.0
2008,1,24,MKE,0.0,0.0
2008,1,12,MSP,5.0,3.0
2008,1,22,BTV,13.0,13.0
2008,1,4,SAV,0.0,0.0
2008,1,2,LRD,0.0,0.0
2008,1,23,MSP,0.0,0.0
2008,1,28,BGR,0.0,0.0
2008,1,28,DCA,0.0,0.0
2008,1,25,RIC,0.0,0.0
2008,1,29,TLH,0.0,0.0
2008,1,10,TYS,0.0,28.0
2008,1,24,GRK,0.0,3.0
2008,1,22,LGA,0.0,0.0
2008,1,23,ORD,18.0,10.0
2008,1,4,MSP,0.0,0.0
2008,1,10,SRQ,0.0,3.0
2008,1,24,SYR,10.0,3.0
2008,1,28,ORD,0.0,5.0
2008,1,28,MKE,0.0,0.0
2008,1,4,TYS,0.0,0.0
2008,1,28,DAY,0.0,0.0
2008,1,3,CLT,0.0,0.0
2008,1,16,DAY,0.0,0.0
2008,1,21,ATL,0.0,0.0
2008,1,6,MSP,0.0,0.0
2008,1,30,GSP,0.0,38.0
2008,1,11,SYR,0.0,155.0
2008,1,17,CLT,36.0,216.0
2008,1,29,SHV,0.0,94.0
2008,1,5,CHS,0.0,0.0
2008,1,29,BRO,0.0,0.0
2008,1,27,ROC,3.0,0.0
2008,1,18,MSN,3.0,0.0
2008,1,10,PWM,0.0,0.0
2008,1,1,PIT,10.0,10.0
2008,1,10,RIC,0.0,10.0
2008,1,9,CVG,0.0,0.0
2008,1,27,MEM,0.0,0.0
2008,1,18,LGA,0.0,114.0
2008,1,14,GRR,43.0,25.0
2008,1,9,XNA,0.0,0.0
2008,1,29,RIC,0.0,3.0
2008,1,11,SHV,0.0,0.0
2008,1,24,ORD,0.0,0.0
2008,1,18,DFW,0.0,0.0
2008,1,20,CLT,0.0,0.0
2008,1,7,TLH,0.0,0.0
2008,1,9,LCH,0.0,0.0
2008,1,25,GSP,0.0,0.0
2008,1,17,SYR,0.0,0.0
2008,1,15,TLH,0.0,0.0
2008,1,15,GSP,0.0,0.0
2008,1,13,GSO,0.0,0.0
2008,1,16,ORD,0.0,0.0
2008,1,15,DCA,0.0,0.0
2008,1,8,AEX,0.0,157.0
2008,1,29,GRR,25.0,170.0
2008,1,8,VPS,0.0,0.0
2008,1,21,XNA,0.0,5.0
2008,1,20,AVL,0.0,15.0
2008,1,21,AEX,0.0,0.0
2008,1,24,DAY,10.0,8.0
2008,1,24,DFW,0.0,0.0
2008,1,5,MEM,0.0,64.0
2008,1,4,DCA,0.0,0.0
2008,1,1,LFT,0.0,0.0
2008,1,31,MEM,0.0,208.0
2008,1,20,SYR,5.0,0.0
2008,1,9,ROC,0.0,20.0
2008,1,14,AVL,0.0,15.0
2008,1,25,GPT,0.0,152.0
2008,1,2,ORF,0.0,0.0
2008,1,24,CVG,5.0,3.0
2008,1,22,MEM,0.0,89.0
2008,1,16,PWM,0.0,0.0
2008,1,19,MKE,0.0,0.0
2008,1,10,DAY,0.0,64.0
2008,1,3,SHV,0.0,0.0
2008,1,2,ABE,0.0,0.0
2008,1,8,ROC,0.0,0.0
2008,1,28,BRO,0.0,0.0
2008,1,29,GSO,0.0,0.0
2008,1,1,CVG,8.0,5.0
2008,1,22,BGR,0.0,0.0
2008,1,28,MEM,0.0,0.0
2008,1,17,LEX,0.0,10.0
2008,1,29,DFW,0.0,0.0
2008,1,19,DFW,0.0,0.0
2008,1,22,RIC,0.0,3.0
2008,1,30,BTR,0.0,0.0
2008,1,28,XNA,0.0,3.0
2008,1,9,MSP,0.0,0.0
2008,1,26,TYS,0.0,0.0
2008,1,12,GRR,0.0,0.0
2008,1,28,BTR,0.0,0.0
2008,1,27,MOB,0.0,0.0
2008,1,17,CRW,0.0,41.0
2008,1,14,BTR,0.0,0.0
2008,1,20,BGR,0.0,0.0
2008,1,25,BOS,0.0,0.0
2008,1,6,AEX,0.0,0.0
2008,1,26,MSP,3.0,0.0
2008,1,16,GPT,0.0,277.0
2008,1,24,TYS,0.0,0.0
2008,1,8,XNA,0.0,175.0
2008,1,4,CVG,0.0,0.0
2008,1,23,DFW,0.0,0.0
2008,1,29,LCH,0.0,3.0
2008,1,9,LFT,0.0,56.0
2008,1,17,MEM,0.0,3.0
2008,1,1,CMH,25.0,15.0
2008,1,15,BRO,0.0,0.0
2008,1,6,BRO,0.0,0.0
2008,1,5,CVG,0.0,23.0
2008,1,2,DAL,0.0,0.0
2008,1,19,GSP,0.0,48.0
2008,1,17,LGA,0.0,66.0
2008,1,23,GRR,56.0,20.0
2008,1,14,DFW,0.0,0.0
2008,1,8,MFE,0.0,0.0
2008,1,11,MSP,18.0,10.0
2008,1,26,DAY,0.0,0.0
2008,1,2,GSO,0.0,0.0
2008,1,29,ORD,46.0,51.0
2008,1,29,DCA,0.0,13.0
2008,1,5,TYS,0.0,0.0
2008,1,27,ATL,0.0,0.0
2008,1,10,BPT,0.0,48.0
2008,1,5,LRD,0.0,0.0
2008,1,29,BTV,0.0,10.0
2008,1,30,TLH,0.0,66.0
2008,1,6,SYR,0.0,0.0
2008,1,29,BTR,0.0,61.0
2008,1,1,GPT,0.0,0.0
2008,1,23,MKE,10.0,5.0
2008,1,1,MEM,0.0,0.0
2008,1,11,DAY,0.0,0.0
2008,1,26,GRR,64.0,38.0
2008,1,14,DAY,18.0,10.0
2008,1,19,LRD,0.0,0.0
2008,1,18,BPT,0.0,94.0
2008,1,25,CLT,0.0,0.0
2008,1,2,PIT,25.0,13.0
2008,1,3,BTR,0.0,0.0
2008,1,10,TLH,0.0,0.0
2008,1,11,PWM,0.0,244.0
2008,1,2,CVG,20.0,10.0
2008,1,1,MHT,0.0,89.0
2008,1,29,MEM,0.0,300.0
2008,1,23,BGR,0.0,0.0
2008,1,19,MEM,0.0,0.0
2008,1,27,XNA,0.0,0.0
2008,1,8,PWM,0.0,0.0
2008,1,4,BTR,0.0,0.0
2008,1,23,RIC,0.0,0.0
2008,1,1,PBI,0.0,3.0
2008,1,13,MSP,0.0,0.0
2008,1,30,BTV,5.0,51.0
2008,1,17,TYS,0.0,107.0
2008,1,28,MSP,0.0,3.0
2008,1,17,HSV,0.0,8.0
2008,1,18,GRR,66.0,36.0
2008,1,22,BOS,0.0,8.0
2008,1,12,BTV,0.0,0.0
2008,1,5,DCA,0.0,0.0
2008,1,28,MOB,0.0,0.0
2008,1,22,MOB,0.0,0.0
2008,1,27,DCA,0.0,0.0
2008,1,30,SYR,3.0,10.0
2008,1,18,MKE,0.0,0.0
2008,1,28,TYS,0.0,0.0
2008,1,6,LFT,0.0,0.0
2008,1,17,XNA,0.0,5.0
2008,1,1,IAD,0.0,0.0
2008,1,6,CLT,0.0,0.0
2008,1,24,MSP,0.0,0.0
2008,1,24,PWM,0.0,0.0
2008,1,9,ORD,0.0,0.0
2008,1,24,GRR,0.0,0.0
2008,1,12,ATL,0.0,0.0
2008,1,5,CRW,0.0,36.0
2008,1,5,BOS,0.0,0.0
2008,1,5,BTV,10.0,8.0
2008,1,22,GSP,0.0,58.0
2008,1,16,CVG,0.0,0.0
2008,1,27,GRR,0.0,0.0
2008,1,30,DAY,0.0,0.0
2008,1,11,GRR,30.0,43.0
2008,1,7,HSV,0.0,0.0
2008,1,13,MGM,0.0,0.0
2008,1,20,ORD,0.0,0.0
2008,1,19,DAY,0.0,0.0
2008,1,25,CHS,0.0,0.0
2008,1,15,AVL,0.0,0.0
2008,1,23,PWM,0.0,0.0
2008,1,17,GRR,5.0,15.0
2008,1,25,MOB,0.0,99.0
2008,1,19,BOS,0.0,0.0
2008,1,17,DCA,33.0,191.0
2008,1,28,MGM,0.0,0.0
2008,1,26,DSM,0.0,0.0
2008,1,26,DFW,0.0,23.0
2008,1,8,CHS,0.0,0.0
2008,1,7,GRR,0.0,76.0
2008,1,28,RIC,0.0,0.0
2008,1,5,LEX,0.0,53.0
2008,1,8,MKE,0.0,74.0
2008,1,1,TLH,0.0,0.0
2008,1,22,CRW,0.0,41.0
2008,1,1,CHS,0.0,0.0
2008,1,31,MOB,0.0,450.0
2008,1,23,CLT,0.0,3.0
2008,1,8,MSP,0.0,0.0
2008,1,2,PNS,0.0,0.0
2008,1,3,VPS,0.0,0.0
2008,1,2,CHS,0.0,0.0
2008,1,6,GSP,0.0,0.0
2008,1,14,ABE,0.0,5.0
2008,1,6,CVG,0.0,5.0
2008,1,5,GPT,0.0,0.0
2008,1,18,VPS,0.0,0.0
2008,1,14,DSM,0.0,0.0
2008,1,13,BGR,0.0,0.0
2008,1,19,CVG,0.0,0.0
2008,1,31,GPT,0.0,284.0
2008,1,30,DFW,0.0,0.0
2008,1,2,DCA,0.0,0.0
2008,1,18,CVG,0.0,0.0
2008,1,29,BPT,0.0,3.0
2008,1,3,MSP,0.0,0.0
2008,1,14,MYR,0.0,0.0
2008,1,4,LFT,0.0,0.0
2008,1,11,CVG,0.0,0.0
2008,1,2,JAN,0.0,0.0
2008,1,1,MAF,0.0,0.0
2008,1,15,GSO,0.0,0.0
2008,1,1,MFE,0.0,0.0
2008,1,4,SYR,0.0,0.0
2008,1,1,ROC,86.0,86.0
2008,1,21,GSP,0.0,0.0
2008,1,10,ROC,0.0,18.0
2008,1,6,GPT,0.0,0.0
2008,1,21,DCA,0.0,0.0
2008,1,29,PWM,0.0,0.0
2008,1,29,CAE,0.0,0.0
2008,1,27,DFW,0.0,0.0
2008,1,6,MKE,0.0,0.0
2008,1,3,LCH,0.0,0.0
2008,1,4,BTV,0.0,0.0
2008,1,28,PWM,0.0,0.0
2008,1,12,MKE,0.0,3.0
2008,1,6,LCH,0.0,0.0
2008,1,2,STL,0.0,0.0
2008,1,3,HSV,0.0,0.0
2008,1,29,CLT,0.0,5.0
2008,1,25,CHA,0.0,0.0
2008,1,26,SAV,0.0,5.0
2008,1,3,DCA,0.0,0.0
2008,1,15,MSN,3.0,0.0
2008,1,31,MGM,0.0,340.0
2008,1,25,XNA,0.0,0.0
2008,1,1,CAE,0.0,0.0
2008,1,13,SYR,0.0,0.0
2008,1,15,RIC,0.0,0.0
2008,1,2,MLU,0.0,0.0
2008,1,17,MLU,0.0,0.0
2008,1,17,GRK,0.0,0.0
2008,1,12,GPT,0.0,0.0
2008,1,17,DFW,0.0,0.0
2008,1,3,ROC,10.0,0.0
2008,1,11,LCH,0.0,0.0
2008,1,25,ROC,0.0,0.0
2008,1,4,LRD,0.0,0.0
2008,1,8,HSV,0.0,41.0
2008,1,19,GRR,25.0,13.0
2008,1,28,MLU,0.0,0.0
2008,1,13,HSV,0.0,0.0
2008,1,20,DAY,0.0,0.0
2008,1,22,MKE,38.0,20.0
2008,1,2,ORD,0.0,0.0
2008,1,20,TLH,0.0,0.0
2008,1,27,SAV,0.0,0.0
2008,1,6,TYS,0.0,0.0
2008,1,28,SYR,0.0,0.0
2008,1,21,DAY,0.0,0.0
2008,1,16,BPT,0.0,439.0
2008,1,1,ORF,0.0,0.0
2008,1,15,CVG,20.0,13.0
2008,1,16,BRO,0.0,211.0
2008,1,18,DCA,0.0,0.0
2008,1,22,CHS,0.0,0.0
2008,1,20,BTV,15.0,8.0
2008,1,15,MLU,0.0,0.0
2008,1,8,BRO,0.0,0.0
2008,1,7,DAY,0.0,0.0
2008,1,3,CAE,0.0,0.0
2008,1,3,LFT,0.0,0.0
2008,1,8,MEM,0.0,76.0
2008,1,26,ATL,0.0,0.0
2008,1,28,CHA,0.0,0.0
2008,1,24,CRW,20.0,5.0
2008,1,3,DAY,3.0,0.0
2008,1,12,DCA,0.0,0.0
2008,1,2,MHT,0.0,10.0
2008,1,16,SHV,0.0,0.0
2008,1,7,LFT,0.0,0.0
2008,1,12,PWM,0.0,0.0
2008,1,19,BTV,13.0,8.0
2008,1,10,DCA,0.0,46.0
2008,1,5,MKE,0.0,0.0
2008,1,23,SYR,20.0,0.0
2008,1,27,CVG,0.0,0.0
2008,1,8,RIC,0.0,0.0
2008,1,2,GPT,0.0,0.0
2008,1,28,BTV,0.0,0.0
2008,1,22,PWM,0.0,0.0
2008,1,11,CLT,0.0,51.0
2008,1,11,MYR,3.0,221.0
2008,1,20,ABE,0.0,0.0
2008,1,7,XNA,0.0,63.0
2008,1,21,RIC,0.0,0.0
2008,1,6,VPS,0.0,0.0
2008,1,28,GPT,0.0,0.0
2008,1,2,LFT,0.0,0.0
2008,1,18,LFT,0.0,38.0
2008,1,22,DAY,8.0,8.0
2008,1,1,LRD,0.0,0.0
2008,1,2,PHL,0.0,0.0
2008,1,18,DAY,0.0,0.0
2008,1,7,ROC,0.0,0.0
2008,1,1,ORD,20.0,13.0
2008,1,2,DAY,23.0,10.0
2008,1,13,LFT,0.0,3.0
2008,1,4,DSM,0.0,0.0
2008,1,21,GRR,23.0,13.0
2008,1,20,ATL,0.0,0.0
2008,1,20,AEX,0.0,0.0
2008,1,28,VPS,0.0,0.0
2008,1,17,BTV,0.0,0.0
2008,1,9,TYS,0.0,76.0
2008,1,29,MSN,23.0,28.0
2008,1,26,GSP,0.0,0.0
2008,1,6,MEM,0.0,0.0
2008,1,31,CVG,0.0,20.0
2008,1,9,BTV,0.0,8.0
2008,1,24,MSN,0.0,0.0
2008,1,13,DSM,0.0,0.0
2008,1,29,MKE,33.0,46.0
2008,1,29,SYR,0.0,51.0
2008,1,27,CLT,0.0,0.0
2008,1,15,TYS,0.0,0.0
2008,1,16,ROC,8.0,3.0
2008,1,4,DFW,0.0,0.0
2008,1,15,SRQ,0.0,0.0
2008,1,7,CAE,0.0,0.0
2008,1,18,GSO,0.0,0.0
2008,1,28,PNS,0.0,0.0
2008,1,7,LCH,0.0,0.0
2008,1,11,VPS,0.0,84.0
2008,1,13,XNA,0.0,0.0
2008,1,15,ORD,0.0,0.0
2008,1,25,BGR,0.0,0.0
2008,1,10,MSP,0.0,0.0
2008,1,17,BOS,0.0,0.0
2008,1,4,CLT,0.0,0.0
2008,1,24,CAE,0.0,0.0
2008,1,9,BGR,0.0,3.0
2008,1,9,SYR,0.0,23.0
2008,1,21,MKE,155.0,69.0
2008,1,13,GPT,0.0,0.0
2008,1,23,SAV,0.0,3.0
2008,1,29,GPT,0.0,64.0
2008,1,10,GSO,0.0,30.0
2008,1,6,ROC,0.0,0.0
2008,1,12,PNS,0.0,0.0
2008,1,8,GSO,0.0,0.0
2008,1,23,SHV,0.0,0.0
2008,1,24,GSP,0.0,0.0
2008,1,3,CVG,0.0,0.0
2008,1,14,MEM,0.0,0.0
2008,1,7,MOB,0.0,0.0
2008,1,1,CHA,0.0,0.0
2008,1,9,TLH,0.0,0.0
2008,1,11,HSV,0.0,0.0
2008,1,5,BTR,0.0,0.0
2008,1,31,ABE,0.0,0.0
2008,1,21,TYS,0.0,0.0
2008,1,1,PWM,127.0,196.0
2008,1,31,SAV,0.0,3.0
2008,1,16,RIC,0.0,0.0
2008,1,27,MSN,0.0,0.0
2008,1,2,ALB,8.0,0.0
2008,1,22,GRR,107.0,56.0
2008,1,16,DFW,0.0,0.0
2008,1,1,DFW,0.0,0.0
2008,1,30,ABE,0.0,41.0
2008,1,11,CHS,0.0,15.0
2008,1,23,GPT,0.0,0.0
2008,1,11,PNS,0.0,102.0
2008,1,11,DFW,0.0,0.0
2008,1,25,DAY,0.0,0.0
2008,1,10,LFT,0.0,328.0
2008,1,6,MOB,0.0,0.0
2008,1,5,DFW,0.0,0.0
2008,1,7,CLT,0.0,0.0
2008,1,25,DFW,0.0,30.0
2008,1,6,ABE,0.0,3.0
2008,1,26,PNS,0.0,241.0
2008,1,13,DAY,0.0,3.0
2008,1,1,LEX,5.0,0.0
2008,1,29,CRW,0.0,188.0
2008,1,5,TLH,0.0,0.0
2008,1,1,TYS,0.0,0.0
2008,1,31,LRD,0.0,0.0
2008,1,14,GPT,0.0,0.0
2008,1,18,TYS,0.0,0.0
2008,1,19,SYR,0.0,0.0
2008,1,2,DTW,0.0,0.0
2008,1,20,GSO,0.0,0.0
2008,1,8,CVG,0.0,119.0
2008,1,21,MOB,0.0,0.0
2008,1,26,DCA,0.0,0.0
2008,1,21,BOS,0.0,0.0
2008,1,27,GSO,0.0,0.0
2008,1,7,DSM,0.0,3.0
2008,1,2,BWI,0.0,0.0
2008,1,27,SYR,5.0,3.0
2008,1,23,CHA,0.0,0.0
2008,1,30,GRR,58.0,30.0
2008,1,30,MEM,0.0,0.0
2008,1,6,DSM,0.0,0.0
2008,1,28,AVL,0.0,0.0
2008,1,30,GSO,0.0,23.0
2008,1,9,ATL,0.0,64.0
2008,1,14,DCA,0.0,0.0
2008,1,13,BRO,0.0,0.0
2008,1,10,CVG,0.0,193.0
2008,1,3,PWM,0.0,0.0
2008,1,23,ROC,18.0,5.0
2008,1,8,AVL,0.0,0.0
2008,1,11,TYS,0.0,211.0
2008,1,29,AVL,0.0,0.0
2008,1,1,LIT,0.0,0.0
2008,1,25,TYS,0.0,0.0
2008,1,9,CLT,0.0,0.0
2008,1,30,SHV,0.0,10.0
2008,1,19,RIC,20.0,28.0
2008,1,27,LCH,0.0,0.0
2008,1,24,CHA,0.0,0.0
2008,1,27,BOS,33.0,25.0
2008,1,21,ABE,0.0,0.0
2008,1,9,GSO,0.0,0.0
2008,1,23,GSP,0.0,0.0
2008,1,26,MOB,0.0,353.0
2008,1,14,MOB,0.0,0.0
2008,1,14,SHV,0.0,0.0
2008,1,5,VPS,0.0,0.0
2008,1,6,PWM,0.0,0.0
2008,1,27,HSV,0.0,0.0
2008,1,11,ORD,0.0,3.0
2008,1,31,ATL,0.0,117.0
2008,1,23,CVG,0.0,0.0
2008,1,26,BRO,0.0,5.0
2008,1,3,GRK,0.0,0.0
2008,1,4,ATL,0.0,0.0
2008,1,6,RIC,0.0,0.0
2008,1,8,GPT,0.0,0.0
2008,1,26,BGR,0.0,0.0
2008,1,10,XNA,0.0,0.0
2008,1,8,MLU,0.0,43.0
2008,1,11,MEM,0.0,0.0
2008,1,21,PWM,0.0,0.0
2008,1,2,AVL,0.0,0.0
2008,1,7,TYS,0.0,0.0
2008,1,6,GRR,0.0,10.0
2008,1,5,GRR,0.0,3.0
2008,1,18,XNA,0.0,0.0
2008,1,2,SHV,0.0,0.0
2008,1,21,ORD,33.0,25.0
2008,1,26,BOS,0.0,0.0
2008,1,7,MSP,0.0,0.0
2008,1,13,CHA,0.0,0.0
2008,1,8,CAE,0.0,0.0
2008,1,1,DCA,0.0,0.0
2008,1,20,MSP,0.0,0.0
2008,1,16,LCH,0.0,320.0
2008,1,17,RIC,0.0,152.0
2008,1,15,BTR,0.0,18.0
2008,1,10,VPS,0.0,0.0
2008,1,5,HSV,0.0,3.0
2008,1,19,SHV,0.0,0.0
2008,1,15,DFW,0.0,0.0
2008,1,22,GPT,0.0,0.0
2008,1,7,ATL,0.0,0.0
2008,1,7,DFW,0.0,0.0
2008,1,7,CVG,0.0,0.0
2008,1,29,ABE,0.0,25.0
2008,1,2,LBB,0.0,0.0
2008,1,14,RIC,0.0,0.0
2008,1,11,GPT,0.0,8.0
2008,1,1,MOB,0.0,0.0
2008,1,16,GSP,51.0,43.0
2008,1,21,SAV,0.0,0.0
2008,1,11,BPT,0.0,0.0
2008,1,17,LFT,0.0,0.0
2008,1,14,GSO,0.0,0.0
2008,1,8,GSP,0.0,0.0
2008,1,8,DCA,0.0,0.0
2008,1,1,JAN,0.0,0.0
2008,1,28,GRR,0.0,36.0
2008,1,3,GSP,0.0,0.0
2008,1,19,GSO,20.0,20.0
2008,1,22,CLT,0.0,23.0
2008,1,31,SHV,0.0,147.0
2008,1,2,PBI,0.0,0.0
2008,1,12,GSO,0.0,0.0
2008,1,19,SAV,0.0,241.0
2008,1,7,MTJ,0.0,64.0
2008,1,10,HSV,0.0,221.0
2008,1,1,PVD,0.0,69.0
2008,1,16,ATL,10.0,117.0
2008,1,7,DCA,0.0,0.0
2008,1,2,GRR,13.0,5.0
2008,1,2,GRK,0.0,0.0
2008,1,13,CVG,0.0,28.0
2008,1,13,MYR,0.0,0.0
2008,1,14,BTV,66.0,20.0
2008,1,20,RIC,0.0,0.0
2008,1,17,MSP,0.0,0.0
2008,1,10,SHV,0.0,10.0
2008,1,16,VPS,0.0,33.0
2008,1,2,MSP,0.0,0.0
2008,1,2,GSP,0.0,0.0
2008,1,1,PHL,0.0,3.0
2008,1,10,GPT,0.0,30.0
2008,1,24,AEX,0.0,58.0
2008,1,7,MFE,0.0,0.0
2008,1,16,GRR,0.0,0.0
2008,1,3,BTV,8.0,0.0
2008,1,27,MKE,0.0,0.0
2008,1,15,BTV,0.0,0.0
2008,1,9,GSP,0.0,0.0
2008,1,22,DFW,0.0,13.0
2008,1,12,LCH,0.0,58.0
2008,1,6,HSV,0.0,3.0
2008,1,1,MKE,5.0,3.0
2008,1,23,ABE,0.0,0.0
2008,1,1,IND,18.0,3.0
2008,1,18,ORD,3.0,0.0
2008,1,10,MKE,48.0,94.0
2008,1,16,GSO,0.0,0.0
2008,1,16,LFT,0.0,323.0
2008,1,4,MSN,0.0,0.0
2008,1,15,MSP,0.0,0.0
2008,1,4,PNS,0.0,0.0
2008,1,10,DFW,0.0,0.0
2008,1,2,PVD,0.0,0.0
2008,1,6,BTV,0.0,0.0
2008,1,12,LFT,0.0,0.0
2008,1,8,DAY,0.0,348.0
2008,1,30,XNA,0.0,0.0
2008,1,17,BPT,0.0,0.0
2008,1,22,ATL,0.0,28.0
2008,1,24,LEX,5.0,0.0
2008,1,13,MOB,0.0,0.0
2008,1,24,ATL,0.0,0.0
2008,1,18,GPT,0.0,3.0
2008,1,6,CHA,0.0,0.0
2008,1,13,ORD,0.0,0.0
2008,1,18,BGR,13.0,94.0
2008,1,23,GSO,0.0,0.0
2008,1,1,ALB,56.0,41.0
2008,1,20,CAE,0.0,0.0
2008,1,23,LFT,0.0,15.0
2008,1,30,DCA,0.0,3.0
2008,1,24,PNS,0.0,61.0
2008,1,4,MYR,0.0,0.0
2008,1,3,MLU,0.0,0.0
2008,1,17,ATL,0.0,74.0
2008,1,2,ATL,0.0,0.0
2008,1,5,GSO,0.0,0.0
2008,1,25,LEX,0.0,0.0
2008,1,11,GSO,0.0,13.0
2008,1,30,TYS,0.0,81.0
2008,1,2,PWM,0.0,0.0
2008,1,3,TLH,0.0,0.0
2008,1,31,LEX,5.0,91.0
2008,1,18,MYR,0.0,0.0
2008,1,5,DAB,0.0,0.0
2008,1,24,BOS,0.0,0.0
2008,1,30,MSP,0.0,0.0
2008,1,1,LBB,0.0,0.0
2008,1,27,DAY,0.0,0.0
2008,1,15,SHV,0.0,0.0
2008,1,10,PNS,0.0,0.0
2008,1,17,AEX,0.0,0.0
2008,1,24,CLT,0.0,0.0
2008,1,3,GPT,0.0,0.0
2008,1,10,SYR,0.0,0.0
2008,1,25,MFE,0.0,28.0
2008,1,9,DAY,0.0,5.0
2008,1,21,PNS,0.0,0.0
2008,1,24,ABE,0.0,0.0
2008,1,6,MLU,0.0,0.0
2008,1,1,MLU,0.0,0.0
2008,1,2,RIC,0.0,0.0
2008,1,13,MEM,0.0,0.0
2008,1,18,BOS,0.0,97.0
2008,1,6,LGA,0.0,0.0
2008,1,21,VPS,0.0,0.0
2008,1,21,CVG,0.0,0.0
2008,1,3,XNA,0.0,0.0
2008,1,19,CHS,0.0,310.0
2008,1,14,LEX,3.0,0.0
2008,1,22,DSM,8.0,3.0
2008,1,15,MEM,0.0,0.0
2008,1,11,CHA,0.0,13.0
2008,1,27,BRO,0.0,0.0
2008,1,23,CAE,0.0,18.0
2008,1,30,ROC,23.0,13.0
2008,1,20,VPS,0.0,292.0
2008,1,28,CAE,0.0,0.0
2008,1,15,CHA,0.0,0.0
2008,1,18,CHA,0.0,0.0
2008,1,12,BTR,0.0,0.0
2008,1,1,RIC,0.0,0.0
2008,1,20,CHA,0.0,0.0
2008,1,31,MSP,0.0,0.0
2008,1,6,LEX,0.0,36.0
2008,1,2,BTV,117.0,48.0
2008,1,20,MKE,0.0,0.0
2008,1,19,MSP,0.0,0.0
2008,1,2,CLT,0.0,0.0
2008,1,13,DCA,0.0,8.0
2008,1,20,HSV,0.0,0.0
2008,1,21,LEX,0.0,0.0
2008,1,18,BTV,48.0,25.0
2008,1,27,RIC,0.0,0.0
2008,1,7,VPS,0.0,0.0
2008,1,1,XNA,0.0,0.0
2008,1,27,CHS,0.0,0.0
2008,1,22,CAE,0.0,30.0
2008,1,25,MEM,0.0,3.0
2008,1,28,MSN,0.0,0.0
2008,1,24,LCH,0.0,132.0
2008,1,4,VPS,0.0,0.0
2008,1,28,LEX,0.0,0.0
2008,1,16,ABE,0.0,0.0
2008,1,16,AVL,0.0,0.0
2008,1,17,LCH,0.0,3.0
2008,1,5,ABE,0.0,18.0
2008,1,16,CHS,0.0,48.0
2008,1,6,AVL,0.0,5.0
2008,1,7,GPT,0.0,0.0
2008,1,1,MDW,41.0,0.0
2008,1,18,MEM,0.0,0.0
2008,1,26,MKE,23.0,10.0
2008,1,3,MFE,0.0,0.0
2008,1,7,LEX,0.0,5.0
2008,1,1,CLT,0.0,0.0
2008,1,31,BPT,0.0,229.0
2008,1,20,SHV,0.0,0.0
2008,1,12,CHS,0.0,41.0
2008,1,6,CAE,0.0,0.0
2008,1,11,MOB,0.0,0.0
2008,1,7,SAV,0.0,0.0
2008,1,24,MLU,0.0,5.0
2008,1,1,BUF,58.0,89.0
2008,1,23,DCA,0.0,0.0
2008,1,14,TYS,0.0,0.0
2008,1,9,MLU,0.0,0.0
2008,1,3,ATL,0.0,0.0
2008,1,1,BGR,119.0,122.0
2008,1,12,BRO,0.0,0.0
2008,1,8,DFW,0.0,0.0
2008,1,4,GSO,0.0,0.0
2008,1,31,CHA,0.0,79.0
2008,1,15,MFE,0.0,254.0
2008,1,20,SAV,0.0,0.0
2008,1,14,ATL,0.0,0.0
2008,1,24,MEM,0.0,0.0
2008,1,19,CLT,0.0,69.0
2008,1,31,GRR,30.0,15.0
2008,1,30,LFT,0.0,0.0
2008,1,25,LFT,0.0,229.0
2008,1,2,ROC,18.0,3.0
2008,1,24,BPT,0.0,122.0
2008,1,26,MLU,0.0,3.0
2008,1,17,MOB,0.0,0.0
2008,1,24,XNA,0.0,0.0
2008,1,8,BTV,0.0,0.0
2008,1,11,CAE,0.0,165.0
2008,1,31,ROC,0.0,0.0
2008,1,20,XNA,0.0,0.0
2008,1,6,CHS,0.0,0.0
2008,1,16,TYS,0.0,0.0
2008,1,21,HSV,0.0,0.0
2008,1,17,SAV,0.0,213.0
2008,1,22,AEX,0.0,28.0
2008,1,31,DFW,0.0,5.0
2008,1,11,LEX,0.0,3.0
2008,1,13,ROC,0.0,5.0
2008,1,7,GSO,0.0,0.0
2008,1,14,BGR,312.0,216.0
2008,1,4,BRO,0.0,0.0
2008,1,21,GSO,0.0,0.0
2008,1,17,BTR,0.0,0.0
2008,1,31,ORD,99.0,64.0
2008,1,29,CHA,0.0,229.0
2008,1,10,GSP,0.0,86.0
2008,1,20,MLU,0.0,0.0
2008,1,23,TYS,0.0,130.0
2008,1,9,CRW,0.0,15.0
2008,1,24,MFE,0.0,30.0
2008,1,17,GSO,18.0,142.0
2008,1,24,SHV,0.0,0.0
2008,1,4,MOB,0.0,0.0
2008,1,1,DAL,0.0,0.0
2008,1,31,BTR,0.0,518.0
2008,1,19,BPT,0.0,175.0
2008,1,10,MLU,0.0,43.0
2008,1,3,MOB,0.0,0.0
2008,1,31,BRO,0.0,0.0
2008,1,6,MYR,0.0,0.0
2008,1,12,ORD,0.0,0.0
2008,1,18,LRD,0.0,20.0
2008,1,15,VPS,0.0,0.0
2008,1,12,XNA,0.0,0.0
2008,1,11,MFE,0.0,0.0
2008,1,28,ATL,0.0,0.0
2008,1,28,GSP,0.0,0.0
2008,1,2,MSN,10.0,3.0
2008,1,6,DCA,0.0,51.0
2008,1,9,MSN,0.0,0.0
2008,1,2,TLH,0.0,0.0
2008,1,16,MSP,0.0,0.0
2008,1,2,AMA,0.0,0.0
2008,1,31,RIC,0.0,0.0
2008,1,31,AVL,0.0,0.0
2008,1,18,ROC,3.0,3.0
2008,1,23,MLU,0.0,0.0
2008,1,6,PNS,0.0,0.0
2008,1,18,LEX,0.0,5.0
2008,1,20,DFW,0.0,0.0
2008,1,30,BPT,0.0,0.0
2008,1,4,BGR,0.0,0.0
2008,1,18,RIC,0.0,0.0
2008,1,25,DSM,8.0,3.0
2008,1,1,BDL,51.0,79.0
2008,1,6,BTR,0.0,3.0
2008,1,25,GRR,8.0,3.0
2008,1,28,MFE,0.0,0.0
2008,1,31,BOS,0.0,0.0
2008,1,18,AEX,0.0,8.0
2008,1,23,BTR,0.0,3.0
2008,1,23,LCH,0.0,145.0
2008,1,20,MEM,0.0,0.0
2008,1,24,AVL,0.0,0.0
2008,1,23,BRO,0.0,0.0
2008,1,1,SAV,0.0,0.0
2008,1,8,GRK,0.0,0.0
2008,1,30,BOS,0.0,10.0
2008,1,21,CRW,0.0,0.0
2008,1,30,CAE,0.0,69.0
2008,1,17,CHS,0.0,295.0
2008,1,3,GSO,0.0,0.0
2008,1,21,ROC,0.0,0.0
2008,1,1,BNA,0.0,0.0
2008,1,22,SYR,8.0,0.0
2008,1,8,BTR,0.0,114.0
2008,1,25,HSV,0.0,0.0
2008,1,22,MLU,0.0,46.0
2008,1,1,GRK,0.0,0.0
2008,1,24,DSM,0.0,0.0
2008,1,27,VPS,0.0,76.0
2008,1,11,XNA,0.0,0.0
2008,1,30,HSV,0.0,0.0
2008,1,30,CHS,0.0,43.0
2008,1,19,PNS,0.0,503.0
2008,1,21,AVL,0.0,0.0
2008,1,21,MSN,183.0,66.0
2008,1,30,ORD,0.0,0.0
2008,1,8,SAV,0.0,5.0
2008,1,19,MGM,0.0,150.0
2008,1,10,LEX,0.0,348.0
2008,1,15,ABE,0.0,0.0
2008,1,1,BTR,0.0,0.0
2008,1,4,XNA,0.0,0.0
2008,1,7,SRQ,0.0,0.0
2008,1,19,AVL,0.0,0.0
2008,1,26,ABE,0.0,0.0
2008,1,11,BTR,0.0,0.0
2008,1,10,DSM,30.0,18.0
2008,1,17,BGR,0.0,0.0
2008,1,27,GSP,0.0,0.0
2008,1,17,CHA,0.0,58.0
2008,1,19,TYS,0.0,0.0
2008,1,24,ROC,58.0,20.0
2008,1,6,CRW,0.0,20.0
2008,1,21,LGA,0.0,0.0
2008,1,3,GRR,0.0,0.0
2008,1,30,LCH,0.0,0.0
2008,1,14,XNA,0.0,0.0
2008,1,5,AEX,0.0,0.0
2008,1,23,MOB,0.0,0.0
2008,1,25,BTR,0.0,335.0
2008,1,6,DAY,0.0,3.0
2008,1,11,BGR,0.0,114.0
2008,1,14,LFT,0.0,0.0
2008,1,18,SHV,0.0,66.0
2008,1,2,XNA,0.0,0.0
2008,1,10,AVL,0.0,23.0
2008,1,2,LGA,0.0,0.0
2008,1,2,CMH,30.0,18.0
2008,1,22,MSN,41.0,10.0
2008,1,3,SRQ,0.0,0.0
2008,1,25,BTV,0.0,0.0
2008,1,23,HSV,0.0,0.0
2008,1,27,LRD,0.0,0.0
2008,1,27,BPT,0.0,0.0
2008,1,15,CAE,0.0,0.0
2008,1,3,CHA,0.0,0.0
2008,1,31,PWM,0.0,0.0
2008,1,31,TLH,0.0,0.0
2008,1,13,CHS,0.0,3.0
2008,1,16,LRD,0.0,10.0
2008,1,26,CVG,0.0,0.0
2008,1,18,GSP,0.0,0.0
2008,1,1,AVL,0.0,0.0
2008,1,29,LEX,0.0,384.0
2008,1,1,PNS,0.0,0.0
2008,1,14,LGA,0.0,33.0
2008,1,9,GRR,0.0,0.0
2008,1,1,ATL,0.0,0.0
2008,1,14,CRW,10.0,0.0
2008,1,19,MLU,0.0,8.0
2008,1,13,ABE,5.0,30.0
2008,1,12,SHV,0.0,61.0
2008,1,4,DAY,0.0,0.0
2008,1,31,CAE,0.0,13.0
2008,1,6,ORD,0.0,3.0
2008,1,3,TYS,0.0,0.0
2008,1,28,TLH,0.0,0.0
2008,1,10,BTV,0.0,0.0
2008,1,24,HSV,0.0,0.0
2008,1,4,AVL,0.0,0.0
2008,1,14,SAV,0.0,0.0
2008,1,7,PWM,0.0,0.0
2008,1,30,MOB,0.0,0.0
2008,1,8,ABE,0.0,0.0
2008,1,11,AVL,0.0,259.0
2008,1,4,RIC,0.0,0.0
2008,1,22,MSP,0.0,0.0
2008,1,8,BOS,0.0,0.0
2008,1,5,ATL,0.0,0.0
2008,1,3,MEM,0.0,0.0
2008,1,4,TLH,0.0,0.0
2008,1,9,CHA,0.0,5.0
2008,1,13,TLH,0.0,0.0
2008,1,31,BTV,0.0,0.0
2008,1,27,TYS,0.0,0.0
2008,1,27,CRW,0.0,0.0
2008,1,16,MTJ,0.0,0.0
2008,1,26,BTR,0.0,30.0
2008,1,31,LCH,0.0,277.0
2008,1,6,SHV,0.0,0.0
2008,1,30,VPS,0.0,137.0
2008,1,17,PWM,0.0,0.0
2008,1,25,BPT,0.0,267.0
2008,1,1,BPT,0.0,0.0
2008,1,13,BOS,0.0,0.0
2008,1,4,CHS,0.0,0.0
2008,1,16,CHA,41.0,64.0
2008,1,22,CHA,0.0,15.0
2008,1,6,XNA,0.0,0.0
2008,1,3,DFW,0.0,0.0
2008,1,18,AVL,0.0,13.0
2008,1,20,LGA,0.0,0.0
2008,1,26,GRK,0.0,0.0
2008,1,18,ATL,0.0,0.0
2008,1,24,VPS,0.0,0.0
2008,1,17,MSN,81.0,71.0
2008,1,2,DSM,0.0,0.0
2008,1,1,AMA,0.0,0.0
2008,1,31,GSP,0.0,51.0
2008,1,12,ROC,0.0,0.0
2008,1,29,ROC,0.0,15.0
2008,1,13,CRW,0.0,15.0
2008,1,16,BTV,0.0,0.0
2008,1,8,LRD,0.0,0.0
2008,1,4,GSP,0.0,0.0
2008,1,13,VPS,0.0,0.0
2008,1,11,SRQ,0.0,0.0
2008,1,13,DFW,0.0,0.0
2008,1,9,LRD,0.0,0.0
2008,1,2,MDW,3.0,0.0
2008,1,16,LEX,0.0,0.0
2008,1,18,MGM,0.0,0.0
2008,1,12,SRQ,0.0,18.0
2008,1,23,ATL,0.0,0.0
2008,1,28,LCH,0.0,0.0
2008,1,29,BGR,0.0,0.0
2008,1,17,SHV,0.0,0.0
2008,1,14,ORD,15.0,5.0
2008,1,29,MFE,0.0,0.0
2008,1,30,ATL,0.0,0.0
2008,1,16,AEX,0.0,193.0
2008,1,20,BTR,0.0,0.0
2008,1,29,MOB,0.0,64.0
2008,1,29,AEX,0.0,69.0
2008,1,2,DFW,0.0,0.0
2008,1,12,DFW,0.0,0.0
2008,1,24,TLH,0.0,13.0
2008,1,9,BOS,0.0,0.0
2008,1,12,AEX,0.0,15.0
2008,1,6,ATL,0.0,0.0
2008,1,6,BGR,0.0,0.0
2008,1,19,MOB,0.0,333.0
2008,1,11,DSM,0.0,0.0
2008,1,26,BTV,20.0,13.0
2008,1,5,BGR,0.0,0.0
2008,1,11,BRO,0.0,0.0
2008,1,25,MTJ,20.0,5.0
2008,1,14,MGM,0.0,0.0
2008,1,6,DFW,0.0,0.0
2008,1,1,LGA,0.0,51.0
2008,1,13,MFE,0.0,0.0
2008,1,14,GSP,0.0,0.0
2008,1,12,GRK,0.0,0.0
2008,1,31,DSM,3.0,0.0
2008,1,9,GRK,0.0,155.0
2008,1,9,SAV,0.0,0.0
2008,1,5,PWM,0.0,0.0
2008,1,15,SYR,25.0,5.0
2008,1,11,BTV,10.0,137.0
2008,1,2,CHA,0.0,0.0
2008,1,29,SAV,0.0,0.0
2008,1,13,TYS,0.0,0.0
2008,1,16,BGR,0.0,0.0
2008,1,23,MSN,8.0,0.0
2008,1,28,CHS,0.0,0.0
2008,1,22,BPT,0.0,165.0
2008,1,15,LGA,0.0,0.0
2008,1,24,GSO,0.0,0.0
2008,1,21,LCH,0.0,0.0
2008,1,25,SAV,0.0,0.0
2008,1,20,PWM,3.0,3.0
2008,1,2,VPS,0.0,0.0
2008,1,5,PNS,0.0,0.0
2008,1,11,MGM,0.0,0.0
2008,1,31,VPS,0.0,0.0
2008,1,24,DCA,0.0,0.0
2008,1,26,GSO,0.0,0.0
2008,1,18,HSV,0.0,0.0
2008,1,15,GRK,0.0,0.0
2008,1,8,LCH,0.0,15.0
2008,1,22,CVG,5.0,3.0
2008,1,18,LCH,0.0,56.0
2008,1,17,GSP,28.0,160.0
2008,1,25,MGM,0.0,18.0
2008,1,10,GRK,0.0,0.0
2008,1,21,BTV,0.0,0.0
2008,1,5,SHV,0.0,0.0
2008,1,27,MFE,0.0,0.0
2008,1,26,CLT,0.0,0.0
2008,1,26,ROC,23.0,5.0
2008,1,18,MTJ,0.0,0.0
2008,1,4,CRW,0.0,0.0
2008,1,27,BTR,0.0,0.0
2008,1,27,ORD,0.0,0.0
2008,1,14,BPT,0.0,0.0
2008,1,10,MOB,0.0,66.0
2008,1,19,PWM,0.0,0.0
2008,1,30,CHA,0.0,0.0
2008,1,2,AEX,0.0,0.0
2008,1,18,SYR,0.0,0.0
2008,1,23,CHS,0.0,13.0
2008,1,24,LGA,0.0,0.0
2008,1,17,ORD,5.0,20.0
2008,1,12,AVL,0.0,0.0
2008,1,17,GPT,0.0,0.0
2008,1,7,CHA,0.0,0.0
2008,1,20,SRQ,0.0,0.0
2008,1,12,LEX,0.0,0.0
2008,1,10,CHS,0.0,0.0
2008,1,24,CHS,0.0,0.0
2008,1,13,ATL,0.0,0.0
2008,1,12,CVG,0.0,0.0
2008,1,24,BTR,0.0,396.0
2008,1,5,MLU,0.0,5.0
2008,1,8,LEX,0.0,157.0
2008,1,16,MSN,0.0,0.0
2008,1,7,MSN,0.0,150.0
2008,1,16,BTR,0.0,358.0
2008,1,20,GRK,0.0,0.0
2008,1,11,LGA,0.0,340.0
2008,1,18,PWM,13.0,183.0
2008,1,30,BRO,0.0,0.0
2008,1,5,BPT,0.0,0.0
2008,1,28,SHV,0.0,0.0
2008,1,17,VPS,0.0,231.0
2008,1,25,LRD,0.0,15.0
2008,1,16,GRK,0.0,0.0
2008,1,30,MFE,0.0,0.0
2008,1,7,ORD,0.0,8.0
2008,1,11,GRK,0.0,0.0
2008,1,12,DAY,0.0,0.0
2008,1,5,SYR,0.0,0.0
2008,1,17,LRD,0.0,0.0
2008,1,17,ABE,61.0,89.0
2008,1,3,ORD,0.0,0.0
2008,1,14,AEX,0.0,0.0
2008,1,7,BOS,0.0,0.0
2008,1,10,LCH,0.0,13.0
2008,1,18,ABE,0.0,41.0
2008,1,4,HSV,0.0,0.0
2008,1,5,GRK,0.0,0.0
2008,1,18,MOB,0.0,3.0
2008,1,21,GRK,0.0,0.0
2008,1,13,LEX,0.0,20.0
2008,1,19,HSV,0.0,0.0
2008,1,14,BOS,178.0,140.0
2008,1,17,BRO,0.0,5.0
2008,1,1,DSM,3.0,0.0
2008,1,15,LEX,0.0,0.0
2008,1,1,SYR,20.0,23.0
2008,1,1,ABE,0.0,15.0
2008,1,20,ROC,0.0,0.0
2008,1,29,VPS,0.0,0.0
2008,1,5,AVL,0.0,0.0
2008,1,14,TLH,0.0,0.0
2008,1,17,MFE,0.0,15.0
2008,1,25,DCA,0.0,0.0
2008,1,23,LGA,0.0,0.0
2008,1,6,SAV,0.0,0.0
2008,1,25,LCH,0.0,183.0
2008,1,27,PWM,76.0,30.0
2008,1,30,MGM,0.0,0.0
2008,1,6,MFE,0.0,0.0
2008,1,31,MTJ,0.0,0.0
2008,1,8,LGA,0.0,0.0
2008,1,27,SHV,0.0,0.0
2008,1,4,GRK,0.0,0.0
2008,1,12,BOS,0.0,0.0
2008,1,9,MFE,0.0,0.0
2008,1,5,CHA,0.0,3.0
2008,1,21,SHV,0.0,8.0
2008,1,9,HSV,0.0,0.0
2008,1,12,BGR,0.0,0.0
2008,1,30,MSN,0.0,0.0
2008,1,6,MSN,0.0,3.0
2008,1,9,BTR,0.0,5.0
2008,1,3,AVL,0.0,0.0
2008,1,9,ABE,0.0,3.0
2008,1,16,SYR,0.0,0.0
2008,1,23,BPT,0.0,74.0
2008,1,20,GRR,28.0,18.0
2008,1,1,BTV,51.0,36.0
2008,1,24,BTV,0.0,0.0
2008,1,17,ROC,0.0,0.0
2008,1,16,SAV,0.0,107.0
2008,1,14,MTJ,0.0,0.0
2008,1,16,CAE,8.0,25.0
2008,1,21,SYR,0.0,0.0
2008,1,3,ABE,0.0,0.0
2008,1,19,GPT,0.0,229.0
2008,1,1,GRR,76.0,51.0
2008,1,22,MFE,0.0,0.0
2008,1,26,SHV,0.0,0.0
2008,1,2,MAF,0.0,0.0
2008,1,24,MOB,0.0,69.0
2008,1,4,LEX,0.0,0.0
2008,1,28,CRW,0.0,0.0
2008,1,9,MGM,0.0,46.0
2008,1,23,AEX,0.0,160.0
2008,1,2,MEM,0.0,0.0
2008,1,22,BTR,0.0,0.0
2008,1,3,BPT,0.0,0.0
2008,1,11,CRW,0.0,122.0
2008,1,26,BPT,0.0,3.0
2008,1,19,DSM,0.0,0.0
2008,1,5,MYR,0.0,0.0
2008,1,2,BGR,43.0,36.0
2008,1,25,MLU,0.0,91.0
2008,1,14,SYR,18.0,43.0
2008,1,17,PNS,0.0,0.0
2008,1,2,RSW,0.0,0.0
2008,1,24,BRO,0.0,0.0
2008,1,17,AVL,76.0,165.0
2008,1,5,MFE,0.0,0.0
2008,1,16,HSV,15.0,28.0
2008,1,12,MEM,0.0,0.0
2008,1,7,AEX,0.0,0.0
2008,1,23,TLH,0.0,0.0
2008,1,23,AVL,0.0,0.0
2008,1,31,MLU,0.0,211.0
2008,1,14,HSV,0.0,0.0
2008,1,27,AVL,0.0,0.0
2008,1,10,MGM,0.0,363.0
2008,1,3,SAV,0.0,0.0
2008,1,23,MGM,0.0,0.0
2008,1,14,BRO,0.0,0.0
2008,1,10,ATL,0.0,152.0
2008,1,7,ABE,0.0,0.0
2008,1,15,GPT,0.0,0.0
2008,1,28,LRD,0.0,0.0
2008,1,25,CAE,0.0,0.0
2008,1,5,MGM,0.0,0.0
2008,1,18,SAV,0.0,0.0
2008,1,11,SAV,0.0,99.0
2008,1,13,MLU,0.0,0.0
2008,1,14,LRD,0.0,0.0
2008,1,5,MSN,0.0,0.0
2008,1,25,PNS,0.0,33.0
2008,1,31,CRW,0.0,36.0
2008,1,9,CHS,0.0,0.0
2008,1,27,MLU,0.0,0.0
2008,1,7,CRW,0.0,0.0
2008,1,15,HSV,0.0,0.0
2008,1,26,RIC,0.0,0.0
2008,1,30,AEX,0.0,0.0
2008,1,27,TLH,0.0,0.0
2008,1,13,SAV,0.0,0.0
2008,1,26,LCH,0.0,15.0
2008,1,15,LCH,0.0,61.0
2008,1,15,ATL,0.0,0.0
2008,1,8,MSN,0.0,71.0
2008,1,5,ORD,0.0,0.0
2008,1,5,LFT,0.0,0.0
2008,1,18,BRO,0.0,8.0
2008,1,2,BUF,5.0,0.0
2008,1,21,MLU,0.0,3.0
2008,1,5,SRQ,0.0,0.0
2008,1,15,CRW,13.0,3.0
2008,1,29,LRD,0.0,0.0
2008,1,17,DSM,76.0,18.0
2008,1,24,GPT,0.0,188.0
2008,1,19,TLH,0.0,478.0
2008,1,27,CHA,0.0,0.0
2008,1,13,BTR,0.0,0.0
2008,1,17,MGM,0.0,13.0
2008,1,11,MSN,3.0,3.0
2008,1,16,MLU,0.0,56.0
2008,1,31,GRK,0.0,0.0
2008,1,9,MOB,0.0,0.0
2008,1,26,CHS,0.0,0.0
2008,1,31,TYS,0.0,0.0
2008,1,20,DCA,0.0,0.0
2008,1,20,BRO,0.0,0.0
2008,1,4,SRQ,0.0,0.0
2008,1,25,SHV,0.0,175.0
2008,1,7,BPT,0.0,0.0
2008,1,7,MLU,0.0,0.0
2008,1,23,DSM,10.0,3.0
2008,1,20,LCH,0.0,0.0
2008,1,15,GRR,25.0,20.0
2008,1,28,HSV,0.0,0.0
2008,1,27,LFT,0.0,0.0
2008,1,14,CLL,0.0,0.0
2008,1,30,CLL,0.0,0.0
2008,1,4,CLL,0.0,0.0
2008,1,5,CLL,0.0,0.0
2008,1,7,CLL,0.0,3.0
2008,1,16,CLL,0.0,0.0
2008,1,17,CLL,0.0,0.0
2008,1,10,CLL,0.0,0.0
2008,1,27,CLL,0.0,0.0
2008,1,29,CLL,0.0,0.0
2008,1,19,CLL,0.0,3.0
2008,1,1,CLL,0.0,0.0
2008,1,14,PNS,0.0,0.0
2008,1,8,TLH,0.0,0.0
2008,1,10,MSN,30.0,33.0
2008,1,11,ABE,0.0,46.0
2008,1,19,GRK,0.0,0.0
2008,1,2,MFE,0.0,0.0
2008,1,25,BRO,0.0,43.0
2008,1,5,GSP,0.0,0.0
2008,1,10,SAV,0.0,0.0
2008,1,20,LEX,0.0,0.0
2008,1,4,SHV,0.0,0.0
2008,1,21,MFE,0.0,0.0
2008,1,19,ABE,0.0,0.0
2008,1,14,CHS,0.0,0.0
2008,1,17,SRQ,0.0,140.0
2008,1,8,TYS,0.0,0.0
2008,1,26,XNA,0.0,0.0
2008,1,5,LCH,0.0,0.0
2008,1,16,MFE,0.0,10.0
2008,1,20,LFT,0.0,0.0
2008,1,15,PWM,0.0,0.0
2008,1,8,CHA,0.0,13.0
2008,1,6,LRD,0.0,0.0
2008,1,1,HRL,0.0,0.0
2008,1,26,CLL,0.0,0.0
2008,1,14,LCH,0.0,0.0
2008,1,28,SRQ,0.0,0.0
2008,1,21,CLL,0.0,43.0
2008,1,13,MSN,18.0,10.0
2008,1,3,DSM,0.0,0.0
2008,1,5,DSM,0.0,0.0
2008,1,14,PWM,267.0,127.0
2008,1,10,CAE,0.0,69.0
2008,1,13,SHV,0.0,0.0
2008,1,29,HSV,0.0,175.0
2008,1,8,SHV,0.0,38.0
2008,1,12,MGM,0.0,0.0
2008,1,8,MOB,0.0,0.0
2008,1,7,BGR,0.0,0.0
2008,1,18,GRK,0.0,51.0
2008,1,30,MTJ,0.0,0.0
2008,1,25,GRK,0.0,0.0
2008,1,28,GSO,0.0,0.0
2008,1,4,DAB,0.0,0.0
2008,1,9,CAE,0.0,0.0
2008,1,9,AVL,0.0,5.0
2008,1,9,VPS,0.0,0.0
2008,1,12,CHA,0.0,0.0
2008,1,11,MTJ,0.0,0.0
2008,1,24,LRD,0.0,13.0
2008,1,27,GRK,0.0,0.0
2008,1,16,MGM,0.0,221.0
2008,1,4,BPT,0.0,0.0
2008,1,20,MFE,0.0,0.0
2008,1,3,LEX,3.0,0.0
2008,1,1,HSV,0.0,0.0
2008,1,5,BRO,0.0,0.0
2008,1,21,MYR,0.0,0.0
2008,1,12,GSP,0.0,0.0
2008,1,2,LEX,5.0,0.0
2008,1,25,MYR,0.0,0.0
2008,1,26,AVL,0.0,0.0
2008,1,30,MLU,0.0,0.0
2008,1,9,LEX,0.0,0.0
2008,1,28,ABE,0.0,0.0
2008,1,8,SRQ,0.0,0.0
2008,1,22,AVL,0.0,0.0
2008,1,31,XNA,0.0,74.0
2008,1,20,DSM,3.0,0.0
2008,1,16,XNA,0.0,23.0
2008,1,20,MGM,0.0,0.0
2008,1,4,LCH,0.0,0.0
2008,1,19,ORD,0.0,0.0
2008,1,19,ROC,15.0,5.0
2008,1,12,TLH,0.0,10.0
2008,1,1,DAB,0.0,0.0
2008,1,14,MLU,0.0,0.0
2008,1,26,PWM,0.0,0.0
2008,1,15,MTJ,0.0,0.0
2008,1,23,CRW,0.0,0.0
2008,1,20,GSP,0.0,0.0
2008,1,23,GRK,0.0,0.0
2008,1,25,AEX,0.0,183.0
2008,1,20,CLL,0.0,0.0
2008,1,19,CRW,0.0,0.0
2008,1,1,BRO,0.0,0.0
2008,1,20,MOB,0.0,0.0
2008,1,16,TLH,0.0,155.0
2008,1,21,CAE,0.0,0.0
2008,1,8,MGM,0.0,8.0
2008,1,18,CRW,0.0,3.0
2008,1,7,PNS,0.0,0.0
2008,1,18,TLH,0.0,0.0
2008,1,9,BRO,0.0,0.0
2008,1,28,BOS,0.0,0.0
2008,1,27,GPT,0.0,0.0
2008,1,9,AEX,0.0,0.0
2008,1,21,LRD,0.0,0.0
2008,1,12,SAV,0.0,36.0
2008,1,12,MLU,0.0,0.0
2008,1,19,CAE,0.0,201.0
2008,1,20,BOS,0.0,0.0
2008,1,21,MGM,0.0,0.0
2008,1,3,BGR,0.0,0.0
2008,1,8,CLL,0.0,30.0
2008,1,19,DCA,0.0,0.0
2008,1,18,PNS,0.0,64.0
2008,1,1,RSW,0.0,107.0
2008,1,4,MGM,0.0,0.0
2008,1,3,PNS,0.0,0.0
2008,1,28,DSM,0.0,0.0
2008,1,18,CHS,0.0,0.0
2008,1,13,BTV,0.0,0.0
2008,1,22,GRK,0.0,33.0
2008,1,2,CLL,0.0,0.0
2008,1,30,GRK,0.0,38.0
2008,1,12,CRW,0.0,0.0
2008,1,3,MSN,0.0,0.0
2008,1,3,MGM,0.0,0.0
2008,1,30,LRD,0.0,0.0
2008,1,17,TLH,0.0,0.0
2008,1,10,BOS,0.0,0.0
2008,1,26,SYR,18.0,5.0
2008,1,1,MGM,0.0,0.0
2008,1,10,AEX,0.0,38.0
2008,1,8,ATL,0.0,0.0
2008,1,13,SRQ,0.0,3.0
2008,1,19,LFT,0.0,424.0
2008,1,25,ATL,0.0,3.0
2008,1,23,LEX,0.0,0.0
2008,1,26,VPS,0.0,152.0
2008,1,12,CAE,0.0,0.0
2008,1,2,LCH,0.0,0.0
2008,1,23,VPS,0.0,5.0
2008,1,4,CAE,0.0,0.0
2008,1,15,BPT,0.0,104.0
2008,1,12,DSM,3.0,0.0
2008,1,20,CHS,0.0,0.0
2008,1,3,CRW,18.0,5.0
2008,1,14,CAE,0.0,0.0
2008,1,6,CLL,0.0,0.0
2008,1,7,GRK,0.0,0.0
2008,1,2,SRQ,0.0,0.0
2008,1,16,MOB,0.0,307.0
2008,1,30,SAV,0.0,15.0
2008,1,20,MSN,0.0,0.0
2008,1,27,ABE,0.0,0.0
2008,1,22,ABE,0.0,0.0
2008,1,30,CRW,0.0,10.0
2008,1,7,AVL,0.0,0.0
2008,1,10,LRD,0.0,0.0
2008,1,7,LGA,0.0,0.0
2008,1,12,VPS,0.0,5.0
2008,1,26,ORD,23.0,13.0
2008,1,7,CHS,0.0,0.0
2008,1,11,MLU,0.0,0.0
2008,1,31,LGA,0.0,0.0
2008,1,10,CHA,0.0,330.0
2008,1,20,LRD,0.0,0.0
2008,1,11,AEX,0.0,0.0
2008,1,2,HSV,0.0,0.0
2008,1,1,BWI,0.0,0.0
2008,1,23,BOS,0.0,0.0
2008,1,4,CHA,0.0,0.0
2008,1,10,MYR,0.0,10.0
2008,1,13,BPT,0.0,0.0
2008,1,16,CRW,0.0,0.0
2008,1,24,MYR,0.0,0.0
2008,1,18,MFE,0.0,38.0
2008,1,26,LRD,0.0,0.0
2008,1,18,MLU,0.0,56.0
2008,1,1,CRW,13.0,3.0
2008,1,28,BPT,0.0,0.0
2008,1,25,TLH,0.0,0.0
2008,1,26,HSV,0.0,0.0
2008,1,6,MGM,0.0,0.0
2008,1,13,LRD,0.0,0.0
2008,1,22,VPS,0.0,20.0
2008,1,10,ABE,0.0,10.0
2008,1,31,AEX,0.0,277.0
2008,1,26,CHA,0.0,0.0
2008,1,26,MGM,0.0,64.0
2008,1,22,MTJ,0.0,0.0
2008,1,18,DSM,13.0,5.0
2008,1,28,MTJ,0.0,18.0
2008,1,4,LGA,0.0,0.0
2008,1,9,BPT,0.0,0.0
2008,1,13,CAE,0.0,0.0
2008,1,6,TLH,0.0,0.0
2008,1,30,LGA,0.0,20.0
2008,1,15,CHS,0.0,0.0
2008,1,24,MTJ,0.0,0.0
2008,1,10,CRW,0.0,64.0
2008,1,30,BGR,0.0,53.0
2008,1,9,LGA,0.0,5.0
2008,1,31,SRQ,0.0,0.0
2008,1,5,CAE,0.0,0.0
2008,1,26,LEX,0.0,0.0
2008,1,23,MFE,0.0,23.0
2008,1,27,MTJ,0.0,0.0
2008,1,7,MGM,0.0,0.0
2008,1,18,CAE,0.0,0.0
2008,1,25,SRQ,0.0,0.0
2008,1,5,DAY,0.0,0.0
2008,1,19,LEX,0.0,0.0
2008,1,29,ATL,0.0,36.0
2008,1,4,MLU,0.0,0.0
2008,1,2,CRW,104.0,13.0
2008,1,17,MYR,0.0,272.0
2008,1,27,LEX,0.0,0.0
2008,1,9,DSM,0.0,0.0
2008,1,19,CHA,0.0,0.0
2008,1,27,AEX,0.0,0.0
2008,1,19,LCH,0.0,292.0
2008,1,27,MYR,0.0,0.0
2008,1,21,BPT,0.0,0.0
2008,1,13,LGA,0.0,81.0
2008,1,15,LRD,0.0,86.0
2008,1,9,MTJ,0.0,3.0
2008,1,27,DSM,0.0,0.0
2008,1,14,GRK,0.0,0.0
2008,1,10,MTJ,69.0,0.0
2008,1,16,DSM,64.0,30.0
2008,1,17,CAE,0.0,221.0
2008,1,23,CLL,0.0,15.0
2008,1,31,CLL,0.0,160.0
2008,1,2,MYR,0.0,0.0
2008,1,11,TLH,0.0,36.0
2008,1,30,AVL,0.0,56.0
2008,1,8,BGR,0.0,0.0
2008,1,29,BOS,0.0,0.0
2008,1,22,BRO,0.0,5.0
2008,1,1,SRQ,0.0,0.0
2008,1,12,CLL,0.0,0.0
2008,1,11,CLL,0.0,0.0
2008,1,26,LFT,0.0,13.0
2008,1,3,MYR,0.0,0.0
2008,1,28,GRK,0.0,0.0
2008,1,6,BOS,0.0,0.0
2008,1,3,DAB,0.0,0.0
2008,1,13,CLL,0.0,0.0
2008,1,1,AEX,0.0,0.0
2008,1,29,MLU,0.0,170.0
2008,1,23,LRD,0.0,3.0
2008,1,19,VPS,0.0,135.0
2008,1,21,CHA,0.0,0.0
2008,1,25,AVL,0.0,0.0
2008,1,19,AEX,0.0,112.0
2008,1,28,CLL,0.0,0.0
2008,1,24,MGM,0.0,10.0
2008,1,21,SRQ,0.0,0.0
2008,1,19,XNA,0.0,0.0
2008,1,12,ABE,0.0,0.0
2008,1,1,LCH,0.0,0.0
2008,1,24,CLL,0.0,28.0
2008,1,5,LGA,0.0,10.0
2008,1,12,BPT,0.0,3.0
2008,1,20,MTJ,0.0,0.0
2008,1,15,DSM,0.0,0.0
2008,1,12,LRD,0.0,0.0
2008,1,27,CAE,0.0,0.0
2008,1,16,BOS,0.0,0.0
2008,1,21,MTJ,0.0,0.0
2008,1,26,SRQ,0.0,13.0
2008,1,14,VPS,0.0,0.0
2008,1,13,GRK,0.0,0.0
2008,1,27,MGM,0.0,0.0
2008,1,26,AEX,0.0,20.0
2008,1,7,MYR,0.0,0.0
2008,1,25,CRW,0.0,0.0
2008,1,6,DAB,0.0,0.0
2008,1,2,DAB,0.0,0.0
2008,1,24,BGR,0.0,0.0
2008,1,30,DSM,0.0,0.0
2008,1,21,DSM,41.0,25.0
2008,1,21,BGR,0.0,0.0
2008,1,20,MYR,0.0,3.0
2008,1,26,CRW,0.0,0.0
2008,1,6,SRQ,0.0,0.0
2008,1,13,MTJ,0.0,0.0
2008,1,28,LGA,0.0,0.0
2008,1,3,CLL,0.0,0.0
2008,1,24,SRQ,0.0,0.0
2008,1,20,BPT,0.0,0.0
2008,1,22,LRD,0.0,0.0
2008,1,25,MSN,58.0,20.0
2008,1,15,CLL,0.0,23.0
2008,1,31,CHS,0.0,13.0
2008,1,3,AEX,0.0,0.0
2008,1,28,MYR,0.0,0.0
2008,1,25,CLL,0.0,46.0
2008,1,29,DSM,20.0,5.0
2008,1,11,BOS,0.0,358.0
2008,1,6,GRK,0.0,0.0
2008,1,19,BRO,0.0,25.0
2008,1,13,AVL,0.0,0.0
2008,1,27,LGA,0.0,0.0
2008,1,15,MGM,0.0,0.0
2008,1,22,SRQ,0.0,102.0
2008,1,15,BOS,0.0,0.0
2008,1,31,BGR,0.0,0.0
2008,1,15,BGR,0.0,0.0
2008,1,9,CLL,0.0,0.0
2008,1,4,AEX,0.0,0.0
2008,1,13,AEX,0.0,3.0
2008,1,15,AEX,0.0,0.0,Man Enture
2008,1,8,MTJ,25.0,0.0
2008,1,25,VPS,0.0,66.0
2008,1,31,MYR,0.0,0.0
2008,1,17,MTJ,0.0,0.0
2008,1,6,BPT,0.0,0.0
2008,1,10,BGR,0.0,0.0
2008,1,18,CLL,0.0,168.0
2008,1,31,MSN,43.0,20.0
2008,1,29,SRQ,0.0,0.0
2008,1,22,CLL,0.0,3.0
2008,1,19,BGR,0.0,0.0
2008,1,14,SRQ,0.0,0.0
2008,1,27,BGR,0.0,0.0
2008,1,27,SRQ,0.0,10.0
2008,1,19,SRQ,0.0,168.0
2008,1,7,LRD,0.0,0.0
2008,1,29,MGM,0.0,150.0
2008,1,23,MTJ,0.0,0.0
2008,1,22,MGM,0.0,58.0
2008,1,19,PSP,0.0,0.0
2008,1,26,PSP,0.0,74.0
2008,1,27,PSP,0.0,310.0
2008,1,12,PSP,0.0,0.0
2008,1,20,PSP,0.0,0.0
2008,1,13,PSP,0.0,0.0
